name,r_p,gain,cover_call,quarter,down,dist,line,line_type,play_note,action,opponent
"18 01 HARVARD DEF vs USD OFF NEW, Play 001",P,18,DOME,1,1,10,DUAL,2X2,QP,NA,University of San Diego
"18 01 HARVARD DEF vs USD OFF NEW, Play 002",R,2,DOME,1,1,10,PRO,2X1,OZ,GRIND,University of San Diego
"18 01 HARVARD DEF vs USD OFF NEW, Play 003",R,7,DOME,1,2,8,DOS,2X2,SPEED,BASH,University of San Diego
"18 01 HARVARD DEF vs USD OFF NEW, Play 004",R,-3,DOME,1,3,1,TWINS,3X1 NUB,SPEED,BASH,University of San Diego
"18 01 HARVARD DEF vs USD OFF NEW, Play 005",R,-4,DOME,1,1,8,TWINS,3X1 NUB,OZ,GRIND,University of San Diego
"18 01 HARVARD DEF vs USD OFF NEW, Play 006",P,0,FREEDOM,1,2,12,TRIPS,3X2,QP,NA,University of San Diego
"18 01 HARVARD DEF vs USD OFF NEW, Play 007",P,0,WEASEL,1,3,12,TRIPS,3X1,DB,NA,University of San Diego
"18 01 HARVARD DEF vs USD OFF NEW, Play 008",P,0,PYTHON,1,1,10,TWINS,3X2,QP,NA,University of San Diego
"18 01 HARVARD DEF vs USD OFF NEW, Play 009",R,11,DOME,1,2,10,TRIPS,3X1,OZ,NA,University of San Diego
"18 01 HARVARD DEF vs USD OFF NEW, Play 010",P,68,DOME,1,1,10,TWINS,3X1 NUB,PAP,ZONE GRAB FS,University of San Diego
"18 01 HARVARD DEF vs USD OFF NEW, Play 011",R,1,TORO,1,2,10,DOS,2X2,OZ,GRIND,University of San Diego
"18 01 HARVARD DEF vs USD OFF NEW, Play 012",P,0,SALUTE,1,3,9,TRIPS,3X1,DB,NA,University of San Diego
"18 01 HARVARD DEF vs USD OFF NEW, Play 013",P,16,DOME,1,1,10,TWINS,3X1 NUB,ROLL,ZONE HAT,University of San Diego
"18 01 HARVARD DEF vs USD OFF NEW, Play 014",P,10,PYTHON,1,1,10,TRIPS,3X1,DB,NA,University of San Diego
"18 01 HARVARD DEF vs USD OFF NEW, Play 015",R,1,DOME,1,1,10,PRO,BUNCH,ORBIT,ZONE SPLIT,University of San Diego
"18 01 HARVARD DEF vs USD OFF NEW, Play 016",R,7,PYTHON,1,2,9,PRO WING,2X1,OZ,LEAD GRIND,University of San Diego
"18 01 HARVARD DEF vs USD OFF NEW, Play 017",P,0,DOME,1,3,2,PRO,BUNCH,QP,NA,University of San Diego
"18 01 HARVARD DEF vs USD OFF NEW, Play 018",P,0,FREEDOM,1,1,10,DEUCE,2X2,PAP,ZONE GRIND FS,University of San Diego
"18 01 HARVARD DEF vs USD OFF NEW, Play 019",P,28,RATTLER,1,1,10,TRIPS,3X1,QP,NA,University of San Diego
"18 01 HARVARD DEF vs USD OFF NEW, Play 020",R,2,DOME,1,1,10,PRO,2X1,OZ,LEAD GRIND,University of San Diego
"18 01 HARVARD DEF vs USD OFF NEW, Play 021",P,0,DOME,1,2,8,TWINS,3X2,QP,NA,University of San Diego
"18 01 HARVARD DEF vs USD OFF NEW, Play 022",P,12,COKE,1,3,8,TREY,3X1,DB,NA,University of San Diego
"18 01 HARVARD DEF vs USD OFF NEW, Play 023",P,0,TORO,2,1,10,DUPE,2X2,PAP,ZONE GRIND FS,University of San Diego
"18 01 HARVARD DEF vs USD OFF NEW, Play 024",R,1,RATTLER,2,2,10,DEUCE,2X2,POWER,NA,University of San Diego
"18 01 HARVARD DEF vs USD OFF NEW, Play 025",P,0,SALUTE,2,3,9,DEUCE,2X2,DB,NA,University of San Diego
"18 01 HARVARD DEF vs USD OFF NEW, Play 026",P,0,WEASEL,2,4,9,TRIPS,3X1,DB,NA,University of San Diego
"18 01 HARVARD DEF vs USD OFF NEW, Play 027",R,17,DOME,2,1,10,SPREAD,SPREAD,GAP,READ,University of San Diego
"18 01 HARVARD DEF vs USD OFF NEW, Play 028",P,11,DOME,2,1,10,PRO,3X1,PAP,POWER,University of San Diego
"18 01 HARVARD DEF vs USD OFF NEW, Play 029",P,7,TORO,2,1,10,PRO,2X1,DB,NA,University of San Diego
"18 01 HARVARD DEF vs USD OFF NEW, Play 030",R,17,PYTHON,2,2,3,TWINS,3X1 NUB,OZ,GRIND,University of San Diego
"18 01 HARVARD DEF vs USD OFF NEW, Play 031",P,-7,FREEDOM,2,1,10,DOS,2X2,GADGET,OZ REVERSE PASS,University of San Diego
"18 01 HARVARD DEF vs USD OFF NEW, Play 032",P,0,PYTHON,2,2,17,TWINS,2X2 NUB,DB,NA,University of San Diego
"18 01 HARVARD DEF vs USD OFF NEW, Play 034",P,7,12,2,3,22,TRIPS,3X1,SCREEN,DB,University of San Diego
"18 01 HARVARD DEF vs USD OFF NEW, Play 035",R,3,TORO,2,1,10,PRO,2X2,ZONE,GRAB,University of San Diego
"18 01 HARVARD DEF vs USD OFF NEW, Play 036",P,11,DOME,2,2,7,TREO,3X1 NUB,DB,NA,University of San Diego
"18 01 HARVARD DEF vs USD OFF NEW, Play 037",P,7,DOME,2,1,10,DEUCE,2X2,QP,NA,University of San Diego
"18 01 HARVARD DEF vs USD OFF NEW, Play 038",R,2,PYTHON,2,2,3,DUAL,2X2,OZ,GRIND,University of San Diego
"18 01 HARVARD DEF vs USD OFF NEW, Play 039",R,2,DOME,2,3,1,DOS,2X2,SNEAK,QB,University of San Diego
"18 01 HARVARD DEF vs USD OFF NEW, Play 041",P,45,DOME,2,1,15,PRO,3X1,PAP,ZONE GRIND,University of San Diego
"18 01 HARVARD DEF vs USD OFF NEW, Play 042",P,2,TORO,2,1,10,DOS,2X2,ROLL,SPEED,University of San Diego
"18 01 HARVARD DEF vs USD OFF NEW, Play 043",P,0,PYTHON,2,2,8,TWINS,2X2 NUB,DB,NA,University of San Diego
"18 01 HARVARD DEF vs USD OFF NEW, Play 044",P,0,COKE,2,3,8,DOUBLES,2X2,QP,NA,University of San Diego
"18 01 HARVARD DEF vs USD OFF NEW, Play 045",R,2,DOME,2,1,10,PRO,2X2,ZONE,GRAB,University of San Diego
"18 01 HARVARD DEF vs USD OFF NEW, Play 046",R,4,RATTLER,3,1,10,TRIPS,3X1,ZONE,READ LB,University of San Diego
"18 01 HARVARD DEF vs USD OFF NEW, Play 047",P,4,FREEDOM,3,2,6,DOUBLES,2X2,DB,TOKEN,University of San Diego
"18 01 HARVARD DEF vs USD OFF NEW, Play 048",P,19,FLANK,3,3,2,PRO WING,2X1,PAP,KICK,University of San Diego
"18 01 HARVARD DEF vs USD OFF NEW, Play 049",R,4,DOME,3,1,10,DUAL,2X2,ZONE,BARK,University of San Diego
"18 01 HARVARD DEF vs USD OFF NEW, Play 050",P,0,PYTHON,3,2,6,DUAL,2X2,PAP,ZONE GRIND FS,University of San Diego
"18 01 HARVARD DEF vs USD OFF NEW, Play 051",P,1,SALUTE,3,3,6,DEUCE,2X2,DB,NA,University of San Diego
"18 01 HARVARD DEF vs USD OFF NEW, Play 052",P,37,TORO,3,1,10,DUPE,2X2,NAKED,OZ GRIND,University of San Diego
"18 01 HARVARD DEF vs USD OFF NEW, Play 053",R,0,TORO,3,1,10,PRO,3X1,POWER,NA,University of San Diego
"18 01 HARVARD DEF vs USD OFF NEW, Play 054",R,13,PYTHON,3,2,10,TWINS,3X1 NUB,ZONE,READ LB,University of San Diego
"18 01 HARVARD DEF vs USD OFF NEW, Play 055",R,3,FREEDOM,3,5,3,TRIPS,3X1,DRAW,QB,University of San Diego
"18 01 HARVARD DEF vs USD OFF NEW, Play 056",P,0,DOME,4,1,10,TRIPS,3X1,DB,TOKEN,University of San Diego
"18 01 HARVARD DEF vs USD OFF NEW, Play 057",P,0,TORO,4,2,10,TWINS,3X1 NUB,PAP,ZONE GRAB FS,University of San Diego
"18 01 HARVARD DEF vs USD OFF NEW, Play 058",P,0,SALUTE,4,3,10,TREY,3X1,DB,NA,University of San Diego
"18 01 HARVARD DEF vs USD OFF NEW, Play 059",P,30,TORO,4,1,10,PRO,BUNCH,GADGET,FLEA FLICKER,University of San Diego
"18 01 HARVARD DEF vs USD OFF NEW, Play 060",P,7,DOME,4,1,10,PRO,2X1,QP,NA,University of San Diego
"18 01 HARVARD DEF vs USD OFF NEW, Play 061",P,6,TORO,4,2,3,DEUCE,2X2,PAP,GAP READ,University of San Diego
"18 01 HARVARD DEF vs USD OFF NEW, Play 062",P,0,TORO,4,1,10,PRO,2X1,PAP,ZONE LEAD GRIND FS,University of San Diego
"18 01 HARVARD DEF vs USD OFF NEW, Play 063",R,0,FREEDOM,4,2,10,TRIPS,3X1,STRETCH,TOSS,University of San Diego
"18 01 HARVARD DEF vs USD OFF NEW, Play 064",P,0,BLADE,4,3,10,TRIPS,3X1,DB,NA,University of San Diego
"18 01 HARVARD DEF vs USD OFF NEW, Play 065",P,0,COKE,4,4,10,DEUCE,2X2,DB,NA,University of San Diego
"18 01 HARVARD DEF vs USD OFF NEW, Play 066",P,3,RATTLER,4,1,10,TRIPS,3X1,DB,NA,University of San Diego
"18 01 HARVARD DEF vs USD OFF NEW, Play 067",P,11,FREEDOM,4,2,7,DEUCE,2X2,DB,NA,University of San Diego
"18 01 HARVARD DEF vs USD OFF NEW, Play 068",P,7,FREEDOM,4,1,10,TRIPS,3X1,QP,NA,University of San Diego
"18 01 HARVARD DEF vs USD OFF NEW, Play 069",P,0,BLADE,4,2,3,TRIPS,3X1,DB,NA,University of San Diego
"18 01 HARVARD DEF vs USD OFF NEW, Play 070",R,7,SALUTE,4,3,3,TRIPS,3X1,OZ,READ,University of San Diego
"18 01 HARVARD DEF vs USD OFF NEW, Play 071",P,3,BIFF,4,1,10,PRO WING,2X1,PAP,KICK,University of San Diego
"18 01 HARVARD DEF vs USD OFF NEW, Play 072",P,0,7,4,2,7,DOS,2X2,ROLL,SPEED,University of San Diego
"18 01 HARVARD DEF vs USD OFF NEW, Play 073",P,0,BLADE,4,3,7,DOUBLES,2X2,DB,NA,University of San Diego
"18 01 HARVARD DEF vs USD OFF NEW, Play 074",P,0,WEASEL,4,4,7,TRIPS,3X1,DB,NA,University of San Diego
"18 03 HARVARD DEF vs URI OFF NEW, Play 001",R,3,HILL,1,1,10,DOS,2X2,STRETCH,QB LEAD,University of Rhode Island
"18 03 HARVARD DEF vs URI OFF NEW, Play 002",R,4,SPACE,1,2,7,TRIPS,3X1,ZONE,GRIND,University of Rhode Island
"18 03 HARVARD DEF vs URI OFF NEW, Play 003",P,3,SALUTE,1,3,3,DOUBLES,2X2,QP,TOKEN,University of Rhode Island
"18 03 HARVARD DEF vs URI OFF NEW, Play 004",R,1,HILL,1,1,10,OPEN,2X2,ZONE,DOUBLE LEAD,University of Rhode Island
"18 03 HARVARD DEF vs URI OFF NEW, Play 005",R,1,DOME,1,2,9,DOUBLES,2X2,ZONE,READ,University of Rhode Island
"18 03 HARVARD DEF vs URI OFF NEW, Play 006",P,-8,SALUTE,1,3,8,DOUBLES,2X2,DB,NA,University of Rhode Island
"18 03 HARVARD DEF vs URI OFF NEW, Play 007",R,3,HILL,1,1,10,DOS,2X2,STRETCH,READ LB,University of Rhode Island
"18 03 HARVARD DEF vs URI OFF NEW, Play 008",P,0,DOME,1,2,7,SPREAD,SPREAD,PAP,ZONE READ BUBBLE,University of Rhode Island
"18 03 HARVARD DEF vs URI OFF NEW, Play 009",P,-2,BUC,1,3,7,TREO,3X1 NUB,DB,NA,University of Rhode Island
"18 03 HARVARD DEF vs URI OFF NEW, Play 010",R,-4,STRIPE,1,1,10,DICE,2X2,BASH,ZONE QB,University of Rhode Island
"18 03 HARVARD DEF vs URI OFF NEW, Play 011",P,0,HILL,1,2,14,TRIPS,3X1,PAP,OZ GRIND,University of Rhode Island
"18 03 HARVARD DEF vs URI OFF NEW, Play 012",P,42,LINCOLN,1,3,14,DOUBLES,2X2,DB,NA,University of Rhode Island
"18 03 HARVARD DEF vs URI OFF NEW, Play 013",P,0,12,1,3,19,TREO,3X1 NUB,DB,NA,University of Rhode Island
"18 03 HARVARD DEF vs URI OFF NEW, Play 014",R,5,HILL,1,1,10,TWINS,2X2 NUB,STRETCH,READ,University of Rhode Island
"18 03 HARVARD DEF vs URI OFF NEW, Play 015",R,10,HILL,1,2,5,TWINS,3X1 NUB,ZONE,GRAB,University of Rhode Island
"18 03 HARVARD DEF vs URI OFF NEW, Play 016",R,0,SPACE,1,1,10,DICE,2X2,ZONE,BLIND,University of Rhode Island
"18 03 HARVARD DEF vs URI OFF NEW, Play 018",P,14,SPACE,2,2,15,DEUCE,2X2,PAP,OZ GRIND,University of Rhode Island
"18 03 HARVARD DEF vs URI OFF NEW, Play 020",R,2,HILL,2,3,1,TWINS,3X1 NUB,ZONE,GRIND,University of Rhode Island
"18 03 HARVARD DEF vs URI OFF NEW, Play 021",R,0,STRIPE,2,1,10,DEUCE,2X2,ZONE,SPLIT,University of Rhode Island
"18 03 HARVARD DEF vs URI OFF NEW, Play 022",P,0,HILL,2,1,15,TREO,3X1 NUB,DB,NA,University of Rhode Island
"18 03 HARVARD DEF vs URI OFF NEW, Play 023",P,12,HILL,2,2,15,DOS,2X2,NAKED,OZ GRIND,University of Rhode Island
"18 03 HARVARD DEF vs URI OFF NEW, Play 024",P,4,STRIPE,2,3,3,DEUCE,2X2,DB,NA,University of Rhode Island
"18 03 HARVARD DEF vs URI OFF NEW, Play 025",P,37,HILL,2,1,10,DOS,2X2,PAP,OZ GRIND,University of Rhode Island
"18 03 HARVARD DEF vs URI OFF NEW, Play 026",R,0,HILL,2,1,10,TRIPS,3X1,ZONE,GRIND,University of Rhode Island
"18 03 HARVARD DEF vs URI OFF NEW, Play 027",P,45,HILL,2,2,10,OPEN,2X2,PAP,ZONE BOW BUBBLE,University of Rhode Island
"18 03 HARVARD DEF vs URI OFF NEW, Play 028",R,4,HILL,2,1,10,TWINS,3X1 NUB,ZONE,GRAB,University of Rhode Island
"18 03 HARVARD DEF vs URI OFF NEW, Play 029",P,15,STRIPE,2,2,6,TRIPS,3X1,PAP,OZ GRIND,University of Rhode Island
"18 03 HARVARD DEF vs URI OFF NEW, Play 030",R,0,SPACE,2,1,10,DICE,2X2,OZ,READ,University of Rhode Island
"18 03 HARVARD DEF vs URI OFF NEW, Play 031",P,10,SPACE,2,2,10,TRIPS,3X1,PAP,OZ GRIND,University of Rhode Island
"18 03 HARVARD DEF vs URI OFF NEW, Play 032",R,0,HILL,2,1,10,DOS,2X2,STRETCH,READ LB,University of Rhode Island
"18 03 HARVARD DEF vs URI OFF NEW, Play 033",P,6,SALUTE,2,2,10,DOUBLES,2X2,DB,NA,University of Rhode Island
"18 03 HARVARD DEF vs URI OFF NEW, Play 034",P,9,SMACK,2,3,4,TREY,3X1,DB,NA,University of Rhode Island
"18 03 HARVARD DEF vs URI OFF NEW, Play 035",R,6,HILL,2,1,10,TWINS,2X2 NUB,ZONE,SPLIT,University of Rhode Island
"18 03 HARVARD DEF vs URI OFF NEW, Play 036",R,8,HILL,2,2,4,TRIPS,3X1,ZONE,GRIND,University of Rhode Island
"18 03 HARVARD DEF vs URI OFF NEW, Play 037",R,5,SPACE,2,1,10,TRIPS,3X1,ZONE,GRIND,University of Rhode Island
"18 03 HARVARD DEF vs URI OFF NEW, Play 038",R,4,HILL,2,2,5,TWINS,2X2 NUB,STRETCH,READ,University of Rhode Island
"18 03 HARVARD DEF vs URI OFF NEW, Play 039",R,0,HILL,2,3,1,OPEN,2X2,ZONE,DOUBLE LEAD,University of Rhode Island
"18 03 HARVARD DEF vs URI OFF NEW, Play 041",R,0,HILL,3,1,10,DEUCE,2X2,POWER,NA,University of Rhode Island
"18 03 HARVARD DEF vs URI OFF NEW, Play 042",P,0,STRIPE,3,2,10,TRIPS,3X1,PAP,OZ GRIND,University of Rhode Island
"18 03 HARVARD DEF vs URI OFF NEW, Play 043",P,0,SALUTE,3,3,10,DOUBLES,2X2,DB,NA,University of Rhode Island
"18 03 HARVARD DEF vs URI OFF NEW, Play 044",R,4,SPACE,3,1,10,TRIPS,3X1,ZONE,GRIND,University of Rhode Island
"18 03 HARVARD DEF vs URI OFF NEW, Play 045",R,2,HILL,3,2,6,DOS,2X2,BASH,ZONE QB,University of Rhode Island
"18 03 HARVARD DEF vs URI OFF NEW, Play 046",P,-9,STRIPE,3,3,4,TREY,3X1,DB,NA,University of Rhode Island
"18 03 HARVARD DEF vs URI OFF NEW, Play 047",R,4,HILL,4,1,10,TWINS,3X1 NUB,ZONE,GRAB,University of Rhode Island
"18 03 HARVARD DEF vs URI OFF NEW, Play 048",P,0,HILL,4,2,6,TWINS,3X1 NUB,PAP,OZ GRIND,University of Rhode Island
"18 03 HARVARD DEF vs URI OFF NEW, Play 049",P,4,SWITCH BLADE,4,3,6,DOUBLES,2X2,QP,TOKEN,University of Rhode Island
"18 03 HARVARD DEF vs URI OFF NEW, Play 050",R,24,STRIPE,4,1,10,TRIPS,3X1,ZONE,GRIND,University of Rhode Island
"18 03 HARVARD DEF vs URI OFF NEW, Play 051",R,0,HILL,4,1,10,TWINS,2X2 NUB,ZONE,SPLIT,University of Rhode Island
"18 03 HARVARD DEF vs URI OFF NEW, Play 052",R,4,HILL,4,2,10,OPEN,2X2,ZONE,BOW,University of Rhode Island
"18 03 HARVARD DEF vs URI OFF NEW, Play 053",P,-13,SMACK,4,3,6,TRIPS,3X1,PAP,OZ GRIND,University of Rhode Island
"18 03 HARVARD DEF vs URI OFF NEW, Play 054",R,1,HILL,4,1,10,DEUCE,2X2,POWER,NA,University of Rhode Island
"18 03 HARVARD DEF vs URI OFF NEW, Play 055",R,1,HILL,4,2,9,DOS,2X2,STRETCH,READ LB,University of Rhode Island
"18 03 HARVARD DEF vs URI OFF NEW, Play 056",P,0,SALUTE,4,3,8,TRIPS,3X1,QP,NA,University of Rhode Island
"18 03 HARVARD DEF vs URI OFF NEW, Play 057",R,2,HILL,4,1,10,TWINS,3X1 NUB,ZONE,GRAB,University of Rhode Island
"18 03 HARVARD DEF vs URI OFF NEW, Play 058",P,0,HILL,4,2,23,OPEN,2X2,PAP,ZONE BOW BUBBLE,University of Rhode Island
"18 03 HARVARD DEF vs URI OFF NEW, Play 059",R,1,HILL,4,1,10,TWINS,2X2 NUB,STRETCH,READ,University of Rhode Island
"18 03 HARVARD DEF vs URI OFF NEW, Play 060",R,1,HILL,4,1,20,TWINS,3X1 NUB,ZONE,GRIND,University of Rhode Island
"18 03 HARVARD DEF vs URI OFF NEW, Play 061",R,-3,HILL,4,2,19,TWINS,2X2 NUB,ZONE,SPLIT,University of Rhode Island
"18 03 HARVARD DEF vs URI OFF NEW, Play 062",R,-2,SKY,4,3,22,DOUBLES,2X2,ZONE,READ,University of Rhode Island
"18 04 HARVARD DEF vs CORNELL OFF, Play 001",R,3,HILL,1,1,10,TREO,3X1 NUB,ZONE,READ LB,Cornell University
"18 04 HARVARD DEF vs CORNELL OFF, Play 002",R,2,REBEL,1,2,7,TWINS,2X2 NUB,POWER,NA,Cornell University
"18 04 HARVARD DEF vs CORNELL OFF, Play 004",P,5,SKY,1,3,10,TRIPS,3X1,SCREEN,READ,Cornell University
"18 04 HARVARD DEF vs CORNELL OFF, Play 005",R,6,HILL,1,1,10,DOUBLES,2X2,ZONE,READ,Cornell University
"18 04 HARVARD DEF vs CORNELL OFF, Play 006",R,12,HILL,1,2,4,TREY,3X1,DRAW,READ LB,Cornell University
"18 04 HARVARD DEF vs CORNELL OFF, Play 007",R,2,REBEL,1,1,10,TRIPS,3X1,ZONE,SPLIT,Cornell University
"18 04 HARVARD DEF vs CORNELL OFF, Play 008",R,0,HILL,1,2,8,TWINS,2X2 NUB,STRETCH,NA,Cornell University
"18 04 HARVARD DEF vs CORNELL OFF, Play 009",P,2,WHACK,1,3,8,TREY,3X1,DB,NA,Cornell University
"18 04 HARVARD DEF vs CORNELL OFF, Play 010",P,11,REBEL,1,1,10,TWINS,2X2 NUB,PAP,OZ TOKEN,Cornell University
"18 04 HARVARD DEF vs CORNELL OFF, Play 011",R,6,HILL,1,1,10,TREY,3X1,GAP,SHOP,Cornell University
"18 04 HARVARD DEF vs CORNELL OFF, Play 012",R,5,HILL,1,2,4,TREO,3X1 NUB,STRETCH,READ LB,Cornell University
"18 04 HARVARD DEF vs CORNELL OFF, Play 013",R,1,REBEL,1,1,10,TWINS,2X2 NUB,STRETCH,NA,Cornell University
"18 04 HARVARD DEF vs CORNELL OFF, Play 014",R,6,SPACE,1,2,9,TRIPS,3X1,ZONE,GRAB READ LB,Cornell University
"18 04 HARVARD DEF vs CORNELL OFF, Play 015",R,-2,REBEL,1,3,3,DOS,2X2,ZONE,BLIND,Cornell University
"18 04 HARVARD DEF vs CORNELL OFF, Play 016",R,1,HILL,2,1,10,TWINS,2X2 NUB,ZONE,READ LB,Cornell University
"18 04 HARVARD DEF vs CORNELL OFF, Play 017",R,-1,REBEL,2,2,9,DOUBLES,2X2,GAP,READ LB,Cornell University
"18 04 HARVARD DEF vs CORNELL OFF, Play 018",P,0,BUC,2,3,10,DOUBLES,2X2,DB,NA,Cornell University
"18 04 HARVARD DEF vs CORNELL OFF, Play 019",P,6,REBEL,2,1,10,TREO,3X1 NUB,SCREEN,DB,Cornell University
"18 04 HARVARD DEF vs CORNELL OFF, Play 020",R,17,HILL,2,2,4,TREO,3X1 NUB,STRETCH,READ LB,Cornell University
"18 04 HARVARD DEF vs CORNELL OFF, Play 021",R,6,HILL,2,1,10,TRIPS,3X1,ZONE,SPLIT READ LB,Cornell University
"18 04 HARVARD DEF vs CORNELL OFF, Play 022",P,0,HILL,2,2,4,TWINS,2X2 NUB,PAP,ZONE GRIND,Cornell University
"18 04 HARVARD DEF vs CORNELL OFF, Play 023",R,12,HILL,2,1,10,DOUBLES,2X2,ZONE,READ,Cornell University
"18 04 HARVARD DEF vs CORNELL OFF, Play 024",R,-4,HILL,2,1,20,TRIPS,3X1,OZ,READ FOLD,Cornell University
"18 04 HARVARD DEF vs CORNELL OFF, Play 025",P,-1,SPACE,2,2,24,TRIPS,3X1,SCREEN,READ,Cornell University
"18 04 HARVARD DEF vs CORNELL OFF, Play 026",R,12,SKY,2,3,25,TREY,3X1,ZONE,READ,Cornell University
"18 04 HARVARD DEF vs CORNELL OFF, Play 027",P,26,SPACE,2,1,10,TREO,3X1 NUB,DB,NA,Cornell University
"18 04 HARVARD DEF vs CORNELL OFF, Play 028",P,0,REBEL,2,1,10,DOUBLES,2X2,DB,NA,Cornell University
"18 04 HARVARD DEF vs CORNELL OFF, Play 029",P,0,REBEL,2,2,10,TREO,3X1 NUB,SCREEN,DB,Cornell University
"18 04 HARVARD DEF vs CORNELL OFF, Play 030",P,0,SALUTE,2,3,10,TREO,3X1 NUB,DB,NA,Cornell University
"18 04 HARVARD DEF vs CORNELL OFF, Play 031",P,-9,WHACK,2,4,10,DOUBLES,2X2,DB,NA,Cornell University
"18 04 HARVARD DEF vs CORNELL OFF, Play 032",R,4,REBEL,3,1,10,TRIPS,3X1,OZ,READ FOLD,Cornell University
"18 04 HARVARD DEF vs CORNELL OFF, Play 033",R,3,HILL,3,2,6,TREO,3X1 NUB,ZONE,READ,Cornell University
"18 04 HARVARD DEF vs CORNELL OFF, Play 034",R,0,REBEL,3,3,3,DOS,2X2,ZONE,BLIND,Cornell University
"18 04 HARVARD DEF vs CORNELL OFF, Play 035",R,45,SPACE,3,1,10,TRIPS,3X1,ZONE,SPLIT READ LB,Cornell University
"18 04 HARVARD DEF vs CORNELL OFF, Play 036",R,-2,HILL,3,1,10,TREO,3X1 NUB,STRETCH,READ LB,Cornell University
"18 04 HARVARD DEF vs CORNELL OFF, Play 037",R,32,HILL,3,2,12,TREO,3X1 NUB,GAP,READ LB,Cornell University
"18 04 HARVARD DEF vs CORNELL OFF, Play 038",R,-2,HILL,3,1,10,DOS,2X2,STRETCH,NA,Cornell University
"18 04 HARVARD DEF vs CORNELL OFF, Play 039",R,1,HILL,3,2,12,TREO,3X1 NUB,WRAP,OT FLOP,Cornell University
"18 04 HARVARD DEF vs CORNELL OFF, Play 040",P,6,WEASEL,3,3,11,TREY,3X1,DB,NA,Cornell University
"18 04 HARVARD DEF vs CORNELL OFF, Play 041",R,0,HILL,3,1,10,DOUBLES,2X2,ZONE,READ,Cornell University
"18 04 HARVARD DEF vs CORNELL OFF, Play 042",R,15,REBEL,4,2,10,TWINS,2X2 NUB,ZONE,BLUFF,Cornell University
"18 04 HARVARD DEF vs CORNELL OFF, Play 043",R,1,HILL,4,1,10,SLEDGE,2X1 NUB,POWER,NA,Cornell University
"18 04 HARVARD DEF vs CORNELL OFF, Play 044",R,0,REBEL,4,2,9,TRIPS,3X1,OZ,READ LB FOLD,Cornell University
"18 04 HARVARD DEF vs CORNELL OFF, Play 045",P,0,REBEL,4,3,9,DOUBLES,2X2,SCREEN,READ,Cornell University
"18 04 HARVARD DEF vs CORNELL OFF, Play 046",R,6,HILL,4,1,10,TREY,3X1,GAP,READ LB,Cornell University
"18 04 HARVARD DEF vs CORNELL OFF, Play 047",P,10,HILL,4,2,4,DOS,2X2,DB,NA,Cornell University
"18 04 HARVARD DEF vs CORNELL OFF, Play 048",R,3,HILL,4,1,10,DOS,2X2,ZONE,BLIND,Cornell University
"18 04 HARVARD DEF vs CORNELL OFF, Play 049",R,-1,REBEL,4,2,7,TREO,3X1 NUB,STRETCH,READ LB,Cornell University
"18 04 HARVARD DEF vs CORNELL OFF, Play 050",P,10,QUAKE,4,3,8,DOUBLES,2X2,DB,NA,Cornell University
"18 04 HARVARD DEF vs CORNELL OFF, Play 051",P,13,HILL,4,1,10,TREO,3X1 NUB,PAP,ZONE READ,Cornell University
"18 04 HARVARD DEF vs CORNELL OFF, Play 052",R,34,HILL,4,1,10,TREO,3X1 NUB,ZONE,READ,Cornell University
"18 04 HARVARD DEF vs CORNELL OFF, Play 053",R,5,HILL,4,1,10,DOUBLES,2X2,GAP,READ LB,Cornell University
"18 04 HARVARD DEF vs CORNELL OFF, Play 054",R,12,HILL,4,2,5,TREY,3X1,DRAW,READ LB,Cornell University
"18 04 HARVARD DEF vs CORNELL OFF, Play 055",R,13,HILL,4,1,10,DOUBLES,2X2,ZONE,READ,Cornell University
"18 04 HARVARD DEF vs CORNELL OFF, Play 056",P,33,REBEL,4,1,10,DOUBLES,2X2,PAP,ZONE READ,Cornell University
"18 04 HARVARD DEF vs CORNELL OFF, Play 057",R,0,HILL,4,1,10,TREO,3X1 NUB,STRETCH,QB LEAD,Cornell University
"18 04 HARVARD DEF vs CORNELL OFF, Play 058",R,4,HILL,4,2,10,TWINS,2X2 NUB,ZONE,BLUFF,Cornell University
"18 04 HARVARD DEF vs CORNELL OFF, Play 059",R,0,HILL,4,3,6,TREY,3X1,GAP,READ LB,Cornell University
"18 05 HARVARD DEFvs HOLY CROSS OFF, Play 001",R,6,DOME,1,1,10,DOUBLES,2X2,WRAP,READ,Holy Cross University
"18 05 HARVARD DEFvs HOLY CROSS OFF, Play 002",R,7,DOME,1,2,4,TREY,3X1,WRAP,READ,Holy Cross University
"18 05 HARVARD DEFvs HOLY CROSS OFF, Play 003",R,3,MUSKET,1,1,10,TREY,3X1,OZ,READ A BS,Holy Cross University
"18 05 HARVARD DEFvs HOLY CROSS OFF, Play 004",P,6,DOME,1,2,7,TREY,3X1,SCREEN,MIDDLE T,Holy Cross University
"18 05 HARVARD DEFvs HOLY CROSS OFF, Play 005",R,-1,HILL,1,3,1,TRIPS,3X1,OZ,GRAB READ,Holy Cross University
"18 05 HARVARD DEFvs HOLY CROSS OFF, Play 006",R,9,DOME,1,1,10,DOUBLES,2X2,WRAP,READ,Holy Cross University
"18 05 HARVARD DEFvs HOLY CROSS OFF, Play 007",R,9,MUSKET,1,2,1,TREY,3X1,OZ,READ A BS,Holy Cross University
"18 05 HARVARD DEFvs HOLY CROSS OFF, Play 008",R,-2,DOME,1,1,10,TREY,3X1,WRAP,READ,Holy Cross University
"18 05 HARVARD DEFvs HOLY CROSS OFF, Play 009",P,-1,DOME,1,2,12,TREY,3X1,QP,NA,Holy Cross University
"18 05 HARVARD DEFvs HOLY CROSS OFF, Play 010",P,0,SALUTE,1,3,13,TREY,3X1,DB,NA,Holy Cross University
"18 05 HARVARD DEFvs HOLY CROSS OFF, Play 011",R,14,HILL,1,1,10,TRIPS,3X1,STRETCH,READ,Holy Cross University
"18 05 HARVARD DEFvs HOLY CROSS OFF, Play 012",R,3,HILL,1,1,10,TRIPS,3X1,POWER,FLOP,Holy Cross University
"18 05 HARVARD DEFvs HOLY CROSS OFF, Play 013",P,-1,HILL,1,2,7,DOUBLES,2X2,DB,NA,Holy Cross University
"18 05 HARVARD DEFvs HOLY CROSS OFF, Play 014",P,2,WEASEL,1,3,8,DOUBLES,2X2,SCREEN,DB,Holy Cross University
"18 05 HARVARD DEFvs HOLY CROSS OFF, Play 015",P,16,DOME,2,1,10,DOUBLES,2X2,PAP,ZONE READ LB,Holy Cross University
"18 05 HARVARD DEFvs HOLY CROSS OFF, Play 016",R,49,DOME,2,1,10,DOUBLES,2X2,WRAP,READ,Holy Cross University
"18 05 HARVARD DEFvs HOLY CROSS OFF, Play 017",R,4,DOME,2,1,10,TREY,3X1,WRAP,READ,Holy Cross University
"18 05 HARVARD DEFvs HOLY CROSS OFF, Play 018",R,-4,REBEL,2,2,6,TRIPS,3X1,STRETCH,READ,Holy Cross University
"18 05 HARVARD DEFvs HOLY CROSS OFF, Play 019",P,19,SKY,2,3,10,DEUCE,2X2,DB,NA,Holy Cross University
"18 05 HARVARD DEFvs HOLY CROSS OFF, Play 020",P,0,MUSKET,2,1,10,DOUBLES,2X2,QP,NA,Holy Cross University
"18 05 HARVARD DEFvs HOLY CROSS OFF, Play 021",P,0,DOME,2,2,10,DOUBLES,2X2,SCREEN,MIDDLE T,Holy Cross University
"18 05 HARVARD DEFvs HOLY CROSS OFF, Play 023",P,10,12,2,3,15,TREY,3X1,DB,NA,Holy Cross University
"18 05 HARVARD DEFvs HOLY CROSS OFF, Play 024",P,11,DOME,2,1,10,DOUBLES,2X2,SOP,NA,Holy Cross University
"18 05 HARVARD DEFvs HOLY CROSS OFF, Play 025",R,-2,MUSKET,2,1,10,TREY,3X1,WRAP,READ,Holy Cross University
"18 05 HARVARD DEFvs HOLY CROSS OFF, Play 026",R,9,HILL,2,1,10,TRIPS,3X1,POWER,FLOP,Holy Cross University
"18 05 HARVARD DEFvs HOLY CROSS OFF, Play 027",R,4,HILL,2,2,1,TRIPS,3X1,WRAP,QB,Holy Cross University
"18 05 HARVARD DEFvs HOLY CROSS OFF, Play 028",P,2,HILL,2,1,10,TREO,3X1 NUB,DB,NA,Holy Cross University
"18 05 HARVARD DEFvs HOLY CROSS OFF, Play 029",R,4,REBEL,2,2,8,TREO,3X1 NUB,GAP,READ LB,Holy Cross University
"18 05 HARVARD DEFvs HOLY CROSS OFF, Play 030",P,-7,BLADE,2,3,4,DOUBLES,2X2,DB,NA,Holy Cross University
"18 05 HARVARD DEFvs HOLY CROSS OFF, Play 032",P,-3,REBEL,3,1,10,TRIPS,3X1,PAP,POWER,Holy Cross University
"18 05 HARVARD DEFvs HOLY CROSS OFF, Play 033",R,0,HILL,3,2,13,TRIPS,3X1,WRAP,FLOP,Holy Cross University
"18 05 HARVARD DEFvs HOLY CROSS OFF, Play 034",P,23,SKY,3,3,13,TREY,3X1,DB,NA,Holy Cross University
"18 05 HARVARD DEFvs HOLY CROSS OFF, Play 035",P,0,MUSKET,3,1,10,DOUBLES,2X2,DB,NA,Holy Cross University
"18 05 HARVARD DEFvs HOLY CROSS OFF, Play 036",P,0,BLADE,3,2,10,TREY,3X1,SCREEN,MIDDLE T,Holy Cross University
"18 05 HARVARD DEFvs HOLY CROSS OFF, Play 037",P,5,SALUTE,3,3,10,TREY,3X1,DB,NA,Holy Cross University
"18 05 HARVARD DEFvs HOLY CROSS OFF, Play 038",P,61,MUSKET,3,1,10,TREY,3X1,GADGET,SWING T SCREEN,Holy Cross University
"18 05 HARVARD DEFvs HOLY CROSS OFF, Play 039",R,5,MUSKET,3,1,10,TREY,3X1,ZONE,READ,Holy Cross University
"18 05 HARVARD DEFvs HOLY CROSS OFF, Play 040",R,7,CHARGER,3,2,5,TRIPS,3X1,POWER,FLOP,Holy Cross University
"18 05 HARVARD DEFvs HOLY CROSS OFF, Play 041",R,2,CHARGER,3,1,2,TRIPS,3X1,ZONE,GRIND,Holy Cross University
"18 05 HARVARD DEFvs HOLY CROSS OFF, Play 042",R,4,HILL,3,1,10,DICE,2X2,POWER,FLOP,Holy Cross University
"18 05 HARVARD DEFvs HOLY CROSS OFF, Play 043",P,-11,REBEL,3,2,6,DEUCE,2X2,PAP,ZONE READ LB,Holy Cross University
"18 05 HARVARD DEFvs HOLY CROSS OFF, Play 044",P,11,MUSKET,3,1,10,DOUBLES,2X2,DB,NA,Holy Cross University
"18 05 HARVARD DEFvs HOLY CROSS OFF, Play 045",R,4,MUSKET,3,1,10,DOUBLES,2X2,OZ,READ,Holy Cross University
"18 05 HARVARD DEFvs HOLY CROSS OFF, Play 046",P,0,REBEL,4,2,6,TRIPS,3X1,GADGET,ZONE BOW FLEA FLICKER,Holy Cross University
"18 05 HARVARD DEFvs HOLY CROSS OFF, Play 047",P,11,SALUTE,4,3,6,DOUBLES,2X2,DB,NA,Holy Cross University
"18 05 HARVARD DEFvs HOLY CROSS OFF, Play 048",P,2,DOME,4,1,10,DOUBLES,2X2,SCREEN,DB,Holy Cross University
"18 05 HARVARD DEFvs HOLY CROSS OFF, Play 050",P,20,HILL,4,2,13,DICE,2X2,PAP,ZONE BOW,Holy Cross University
"18 05 HARVARD DEFvs HOLY CROSS OFF, Play 051",R,7,HILL,4,1,10,DEUCE,2X2,POWER,FLOP,Holy Cross University
"18 05 HARVARD DEFvs HOLY CROSS OFF, Play 052",R,1,REBEL,4,2,3,DEUCE,2X2,OZ,GRIND,Holy Cross University
"18 05 HARVARD DEFvs HOLY CROSS OFF, Play 053",R,24,CHARGER,4,3,2,TRIPS,3X1,OZ,READ,Holy Cross University
"18 05 HARVARD DEFvs HOLY CROSS OFF, Play 054",P,3,CHARGER,4,5,3,DEUCE,2X2,GADGET,SPEED REVERSE PASS,Holy Cross University
"18 05 HARVARD DEFvs HOLY CROSS OFF, Play 055",R,3,HILL,4,1,10,DICE,2X2,POWER,FLOP,Holy Cross University
"18 05 HARVARD DEFvs HOLY CROSS OFF, Play 056",R,1,REBEL,4,2,7,TRIPS,3X1,OZ,READ,Holy Cross University
"18 05 HARVARD DEFvs HOLY CROSS OFF, Play 057",P,9,RACK,4,3,6,TRIPS,3X1,SOP,NA,Holy Cross University
"18 05 HARVARD DEFvs HOLY CROSS OFF, Play 058",R,1,HILL,4,1,10,TREO,3X1 NUB,POWER,FLOP,Holy Cross University
"18 05 HARVARD DEFvs HOLY CROSS OFF, Play 059",P,4,HILL,4,2,9,DOUBLES,2X2,DB,NA,Holy Cross University
"18 05 HARVARD DEFvs HOLY CROSS OFF, Play 060",P,-6,SALUTE,4,3,5,DOUBLES,2X2,DB,NA,Holy Cross University
"18 05 HARVARD DEFvs HOLY CROSS OFF, Play 061",R,13,BLADE,4,1,10,TRIPS,3X1,OZ,GRIND,Holy Cross University
"18 05 HARVARD DEFvs HOLY CROSS OFF, Play 062",R,0,HILL,4,1,10,DEUCE,2X2,ZONE,GRIND,Holy Cross University
"18 05 HARVARD DEFvs HOLY CROSS OFF, Play 063",R,-6,HILL,4,2,10,TRIPS,3X1,OZ,GRIND,Holy Cross University
"18 05 HARVARD DEFvs HOLY CROSS OFF, Play 064",R,1,SKY,4,3,16,TRIPS,3X1,STRETCH,READ,Holy Cross University
"18 06 HARVARD DEF vs PRINCETON O, Play 001",R,-1,STRIPE,1,1,10,TREY,3X1,DRAW,READ LB,Princeton University
"18 06 HARVARD DEF vs PRINCETON O, Play 002",P,0,DOME,1,2,11,DOS,2X2,DB,NA,Princeton University
"18 06 HARVARD DEF vs PRINCETON O, Play 003",P,13,SALUTE,1,3,11,TREO,3X1 NUB,DB,NA,Princeton University
"18 06 HARVARD DEF vs PRINCETON O, Play 004",R,4,DOME,1,1,10,TWINS,2X2 NUB,POWER,FLOP FAN,Princeton University
"18 06 HARVARD DEF vs PRINCETON O, Play 005",P,10,STRIPE,1,2,6,DOS,2X2,PAP,STRETCH READ LB,Princeton University
"18 06 HARVARD DEF vs PRINCETON O, Play 006",P,8,DOME,1,1,10,TREO,3X1 NUB,DB,NA,Princeton University
"18 06 HARVARD DEF vs PRINCETON O, Play 007",R,0,DOME,1,2,2,DUAL,2X2,OZ,BARK,Princeton University
"18 06 HARVARD DEF vs PRINCETON O, Play 008",R,1,CHARGER,1,3,2,SLEDGE,2X2 NUB,ZONE,GRIND FLOP,Princeton University
"18 06 HARVARD DEF vs PRINCETON O, Play 009",P,33,CHARGER,1,4,1,TWINS HIP,2X2 NUB,NAKED,OZ SPLIFF,Princeton University
"18 06 HARVARD DEF vs PRINCETON O, Play 010",R,-1,DOME,1,1,10,PRO,3X1,STRETCH,READ LB,Princeton University
"18 06 HARVARD DEF vs PRINCETON O, Play 011",R,5,STRIPE,1,2,11,TREO,3X1 NUB,WRAP,FLOP,Princeton University
"18 06 HARVARD DEF vs PRINCETON O, Play 012",P,4,DOME,1,3,6,TWINS,3X2 NUB,SCREEN,QB ZONE,Princeton University
"18 06 HARVARD DEF vs PRINCETON O, Play 013",R,4,CHARGER,1,4,2,SLEDGE WING,2X2 NUB,WEDGE,J LEAD,Princeton University
"18 06 HARVARD DEF vs PRINCETON O, Play 014",P,6,DOME,1,1,10,DEUCE,3X2,DB,NA,Princeton University
"18 06 HARVARD DEF vs PRINCETON O, Play 016",R,3,DOME,1,2,10,TWINS,2X2 NUB,ZONE,BLUFF,Princeton University
"18 06 HARVARD DEF vs PRINCETON O, Play 017",P,9,12,1,3,22,TWINS,2X2 NUB,PAP,STRETCH READ LB,Princeton University
"18 06 HARVARD DEF vs PRINCETON O, Play 018",R,2,DOME,1,1,10,TWINS,3X1 NUB,STRETCH,FLOP,Princeton University
"18 06 HARVARD DEF vs PRINCETON O, Play 019",P,7,STRIPE,1,2,8,DUAL,2X2,DB,TOKEN,Princeton University
"18 06 HARVARD DEF vs PRINCETON O, Play 020",R,7,CHARGER,1,3,1,SLEDGE,2X2 NUB,POWER,FLOP,Princeton University
"18 06 HARVARD DEF vs PRINCETON O, Play 021",R,3,DOME,1,1,10,TWINS,3X1 NUB,COUNTER,H FAN,Princeton University
"18 06 HARVARD DEF vs PRINCETON O, Play 022",P,0,DOME,1,2,7,TWINS,3X2 NUB,DB,JAIL Z,Princeton University
"18 06 HARVARD DEF vs PRINCETON O, Play 023",P,0,DOME,1,3,7,TWINS,2X2 NUB,DB,NA,Princeton University
"18 06 HARVARD DEF vs PRINCETON O, Play 024",P,10,STRIPE,2,1,10,TWINS,3X1 NUB,SOP,NA,Princeton University
"18 06 HARVARD DEF vs PRINCETON O, Play 025",R,3,DOME,2,1,10,PRO,3X1,OZ,BLUFF,Princeton University
"18 06 HARVARD DEF vs PRINCETON O, Play 026",P,49,STRIPE,2,2,7,TRIPS,3X1,PAP,ZONE READ LB,Princeton University
"18 06 HARVARD DEF vs PRINCETON O, Play 027",R,7,DOME,2,1,10,TREY,3X1,OZ,READ DT,Princeton University
"18 06 HARVARD DEF vs PRINCETON O, Play 028",R,3,DOME,2,2,3,TWINS,3X1 NUB,ZONE,GRIND FLOP,Princeton University
"18 06 HARVARD DEF vs PRINCETON O, Play 029",R,1,CHARGER,2,1,8,TWINS,2X2 NUB,POWER,FLOP FAN,Princeton University
"18 06 HARVARD DEF vs PRINCETON O, Play 030",P,0,CHARGER,2,2,7,GROUCHO,UNBALANCED,SOP,NA,Princeton University
"18 06 HARVARD DEF vs PRINCETON O, Play 031",P,0,7,2,3,7,DEUCE,2X2,DB,NA,Princeton University
"18 06 HARVARD DEF vs PRINCETON O, Play 032",R,2,DOME,2,1,10,DUAL,2X2,OZ,BARK,Princeton University
"18 06 HARVARD DEF vs PRINCETON O, Play 033",R,0,DOME,2,2,8,TRIPS,3X1,STRETCH,READ LB,Princeton University
"18 06 HARVARD DEF vs PRINCETON O, Play 034",P,0,CLOUD,2,3,8,TREY,3X1,DB,NA,Princeton University
"18 06 HARVARD DEF vs PRINCETON O, Play 035",R,2,CLOUD,2,1,10,TREY,3X1,DRAW,READ LB FOLD,Princeton University
"18 06 HARVARD DEF vs PRINCETON O, Play 036",P,5,SKY,2,2,8,TREY,3X1,DB,TOKEN,Princeton University
"18 06 HARVARD DEF vs PRINCETON O, Play 037",P,11,STRIPE,2,3,3,DUAL,2X2,NAKED,OZ SPLIT TOSS,Princeton University
"18 06 HARVARD DEF vs PRINCETON O, Play 038",P,0,WEASEL,2,3,8,DEUCE,2X2,DB,NA,Princeton University
"18 06 HARVARD DEF vs PRINCETON O, Play 039",P,12,DOME,3,1,10,TWINS,2X2 NUB,PAP,COUNTER,Princeton University
"18 06 HARVARD DEF vs PRINCETON O, Play 040",R,3,DOME,3,1,10,TREO,3X1 NUB,WRAP,FLOP,Princeton University
"18 06 HARVARD DEF vs PRINCETON O, Play 041",P,0,STRIPE,3,2,7,TWINS,3X1 NUB,SOP,NA,Princeton University
"18 06 HARVARD DEF vs PRINCETON O, Play 042",P,0,DOME,3,3,7,TREO,3X1 NUB,QP,TOKEN,Princeton University
"18 06 HARVARD DEF vs PRINCETON O, Play 043",R,4,STRIPE,3,1,10,TREO,3X1 NUB,STRETCH,QB MESH,Princeton University
"18 06 HARVARD DEF vs PRINCETON O, Play 044",R,1,DOME,3,2,6,DEUCE,2X2,ZONE,SPLIT,Princeton University
"18 06 HARVARD DEF vs PRINCETON O, Play 045",P,7,SALUTE,3,3,5,TRIPS,3X2,SCREEN,QB ZONE,Princeton University
"18 06 HARVARD DEF vs PRINCETON O, Play 047",P,0,DOME,3,1,15,TWINS,3X1 NUB,NAKED,OZ TOSS,Princeton University
"18 06 HARVARD DEF vs PRINCETON O, Play 048",P,-9,DOME,3,2,15,TREO,3X2,DB,NA,Princeton University
"18 06 HARVARD DEF vs PRINCETON O, Play 049",P,0,12,3,3,24,TRIPS,3X1,SOP,NA,Princeton University
"18 06 HARVARD DEF vs PRINCETON O, Play 050",P,5,DOME,3,1,10,DOUBLES,2X2,SCREEN,QP,Princeton University
"18 06 HARVARD DEF vs PRINCETON O, Play 051",R,2,STRIPE,3,2,5,DEUCE,2X2,WRAP,FLOP,Princeton University
"18 06 HARVARD DEF vs PRINCETON O, Play 052",P,28,SALUTE,3,3,3,TRIPS,3X2,DB,NA,Princeton University
"18 06 HARVARD DEF vs PRINCETON O, Play 053",R,0,DOME,3,1,10,TRIPS,3X1,STRETCH,READ,Princeton University
"18 06 HARVARD DEF vs PRINCETON O, Play 054",R,1,STRIPE,3,2,10,DUAL,2X2,OZ,READ DT,Princeton University
"18 06 HARVARD DEF vs PRINCETON O, Play 055",R,-7,WEASEL,3,3,9,TREY,3X1,DRAW,READ LB,Princeton University
"18 06 HARVARD DEF vs PRINCETON O, Play 056",R,26,STRIPE,4,1,10,DEUCE,2X2,OZ,READ LB,Princeton University
"18 06 HARVARD DEF vs PRINCETON O, Play 057",P,0,DOME,4,1,10,TWINS,3X1 NUB,SOP,NA,Princeton University
"18 06 HARVARD DEF vs PRINCETON O, Play 058",P,0,STRIPE,4,2,10,TRIPS,3X1,NAKED,ZONE GRIND,Princeton University
"18 06 HARVARD DEF vs PRINCETON O, Play 059",R,6,COKE,4,3,10,DICE,2X2,ZONE,BLIND,Princeton University
"18 06 HARVARD DEF vs PRINCETON O, Play 060",P,0,STRIPE,4,4,4,DEUCE,2X2,PAP,COUNTER,Princeton University
"18 06 HARVARD DEF vs PRINCETON O, Play 061",P,20,DOME,4,1,10,DEUCE,2X2,DB,NA,Princeton University
"18 06 HARVARD DEF vs PRINCETON O, Play 062",P,-8,STRIPE,4,1,10,PRO,3X1,GADGET,FLEA FLICKER,Princeton University
"18 06 HARVARD DEF vs PRINCETON O, Play 063",P,0,DOME,4,2,18,TWINS,2X2 NUB,PAP,COUNTER,Princeton University
"18 06 HARVARD DEF vs PRINCETON O, Play 064",P,0,DOME,4,3,18,TRIPS,3X1,SOP,NA,Princeton University
"18 06 HARVARD DEF vs PRINCETON O, Play 065",R,2,DOME,4,1,10,DUAL,2X2,OZ,BARK,Princeton University
"18 06 HARVARD DEF vs PRINCETON O, Play 066",P,0,DOME,4,2,8,DOS,2X2,PAP,STRETCH READ LB,Princeton University
"18 06 HARVARD DEF vs PRINCETON O, Play 067",R,8,SKY,4,3,8,TREO,3X1 NUB,OZ,READ,Princeton University
"18 06 HARVARD DEF vs PRINCETON O, Play 068",R,2,DOME,4,1,10,TWINS,2X2 NUB,POWER,FLOP,Princeton University
"18 06 HARVARD DEF vs PRINCETON O, Play 069",P,2,DOME,4,2,8,TWINS,2X2 NUB,PAP,STRETCH READ LB,Princeton University
"18 06 HARVARD DEF vs PRINCETON O, Play 070",R,5,STRIPE,4,3,6,TRIPS,3X2,DRAW,QP,Princeton University
"18 06 HARVARD DEF vs PRINCETON O, Play 071",R,4,CHARGER,4,4,1,SLEDGE WING,2X2 NUB,WEDGE,J LEAD,Princeton University
"18 06 HARVARD DEF vs PRINCETON O, Play 072",R,1,CHARGER,4,1,1,SLEDGE WING,2X2 NUB,STRETCH,LEAD,Princeton University
"18 06 HARVARD DEF vs PRINCETON O, Play 073",P,0,CHARGER,4,5,3,DEUCE,3X2,SOP,W GHOST,Princeton University
"18 06 HARVARD DEF vs PRINCETON O, Play 074",R,1,DOME,4,1,10,PRO,3X1,POWER,NA,Princeton University
"18 06 HARVARD DEF vs PRINCETON O, Play 075",R,49,DOME,4,2,9,TWINS,2X2 NUB,STRETCH,READ,Princeton University
"18 07 HARVARD DEF vs DARTMOUTH OFF, Play 001",R,0,DOME,1,1,10,PRO,3X1,ZONE,BLIND,Dartmouth University
"18 07 HARVARD DEF vs DARTMOUTH OFF, Play 002",R,82,DOME,1,2,10,TRIPS,3X1,OZ,READ LB,Dartmouth University
"18 07 HARVARD DEF vs DARTMOUTH OFF, Play 003",R,2,DOME,1,1,10,DICE,2X2,COUNTER,NA,Dartmouth University
"18 07 HARVARD DEF vs DARTMOUTH OFF, Play 004",R,17,DOME,1,2,8,TREO,3X1 NUB,STRETCH,QB LEAD,Dartmouth University
"18 07 HARVARD DEF vs DARTMOUTH OFF, Play 005",R,4,DOME,1,1,10,TRIPS,3X1,OZ,READ LB,Dartmouth University
"18 07 HARVARD DEF vs DARTMOUTH OFF, Play 006",P,0,DOME,1,2,6,TRIPS,3X1,NAKED,OZ BARF,Dartmouth University
"18 07 HARVARD DEF vs DARTMOUTH OFF, Play 007",P,0,DOME,1,3,6,DOUBLES,2X2,QP,NA,Dartmouth University
"18 07 HARVARD DEF vs DARTMOUTH OFF, Play 008",R,3,DOME,2,1,10,TRIPS,3X1,ZONE,GRIND FLOP,Dartmouth University
"18 07 HARVARD DEF vs DARTMOUTH OFF, Play 009",R,-1,DOME,2,2,7,TRIPS,3X1,OZ,READ LB,Dartmouth University
"18 07 HARVARD DEF vs DARTMOUTH OFF, Play 010",R,7,DOME,2,3,8,DOUBLES,2X2,TRAP,FLOP,Dartmouth University
"18 07 HARVARD DEF vs DARTMOUTH OFF, Play 012",P,5,DOME,2,1,10,DICE,2X2,PAP,GAP READ,Dartmouth University
"18 07 HARVARD DEF vs DARTMOUTH OFF, Play 013",R,7,DOME,2,2,5,TREY,3X1,OZ,READ LB,Dartmouth University
"18 07 HARVARD DEF vs DARTMOUTH OFF, Play 014",R,10,DOME,2,2,15,DEUCE,2X2,POWER,FLOP,Dartmouth University
"18 07 HARVARD DEF vs DARTMOUTH OFF, Play 016",P,3,SCRATCH,2,3,5,TRIPS,3X1,SCREEN,QP,Dartmouth University
"18 07 HARVARD DEF vs DARTMOUTH OFF, Play 017",R,26,DOME,2,1,10,TREO,3X2,STRETCH,QB,Dartmouth University
"18 07 HARVARD DEF vs DARTMOUTH OFF, Play 018",R,4,DOME,2,1,10,TRIPS,3X1,POWER,QB,Dartmouth University
"18 07 HARVARD DEF vs DARTMOUTH OFF, Play 019",R,7,DOME,2,2,6,DEUCE,2X2,OZ,LEAD QB,Dartmouth University
"18 07 HARVARD DEF vs DARTMOUTH OFF, Play 020",R,-5,DOME,2,1,10,DOUBLES,2X2,COUNTER,READ,Dartmouth University
"18 07 HARVARD DEF vs DARTMOUTH OFF, Play 021",R,16,DOME,2,2,15,DEUCE,3X2,STRETCH,QB,Dartmouth University
"18 07 HARVARD DEF vs DARTMOUTH OFF, Play 022",R,6,DOME,2,1,10,GROUCHO,UNBALANCED,COUNTER,QB TOSS,Dartmouth University
"18 07 HARVARD DEF vs DARTMOUTH OFF, Play 023",R,20,DOME,2,2,4,TREO,3X2,STRETCH,QB,Dartmouth University
"18 07 HARVARD DEF vs DARTMOUTH OFF, Play 024",R,0,DOME,2,1,10,TREO,3X2,STRETCH,QB,Dartmouth University
"18 07 HARVARD DEF vs DARTMOUTH OFF, Play 025",R,6,DOME,2,2,10,TREY,3X1,GAP,READ LB,Dartmouth University
"18 07 HARVARD DEF vs DARTMOUTH OFF, Play 026",R,7,DOME,2,3,4,TREO,3X2,STRETCH,QB,Dartmouth University
"18 07 HARVARD DEF vs DARTMOUTH OFF, Play 027",P,9,12,2,1,10,DOUBLES,2X2,DB,NA,Dartmouth University
"18 07 HARVARD DEF vs DARTMOUTH OFF, Play 029",R,7,DOME,3,1,10,PRO,BUNCH,COUNTER,READ,Dartmouth University
"18 07 HARVARD DEF vs DARTMOUTH OFF, Play 030",R,2,DOME,3,2,3,TRIPS,3X1,POWER,FLOP,Dartmouth University
"18 07 HARVARD DEF vs DARTMOUTH OFF, Play 031",R,3,DOME,3,3,1,GROUCHO,UNBALANCED,ZONE,QB GRIND TOSS,Dartmouth University
"18 07 HARVARD DEF vs DARTMOUTH OFF, Play 032",P,0,DOME,3,1,10,TRIPS,3X1,PAP,ZONE GRIND SPEED,Dartmouth University
"18 07 HARVARD DEF vs DARTMOUTH OFF, Play 033",R,-2,DOME,3,2,10,TREO,3X2,STRETCH,QB,Dartmouth University
"18 07 HARVARD DEF vs DARTMOUTH OFF, Play 034",R,1,DOME,3,3,12,TREY,3X1,DRAW,READ LB,Dartmouth University
"18 07 HARVARD DEF vs DARTMOUTH OFF, Play 035",P,0,DOME,3,1,10,PRO,3X1,PAP,OZ,Dartmouth University
"18 07 HARVARD DEF vs DARTMOUTH OFF, Play 036",R,6,DOME,3,2,10,DEUCE,2X2,POWER,QB,Dartmouth University
"18 07 HARVARD DEF vs DARTMOUTH OFF, Play 037",P,14,SALUTE,3,3,4,DOUBLES,2X2,DB,NA,Dartmouth University
"18 07 HARVARD DEF vs DARTMOUTH OFF, Play 038",R,-1,DOME,3,1,10,TREO,3X2,STRETCH,QB,Dartmouth University
"18 07 HARVARD DEF vs DARTMOUTH OFF, Play 039",R,30,PEAK,3,2,11,SLEDGE,2X2 NUB,ZONE,BARF,Dartmouth University
"18 07 HARVARD DEF vs DARTMOUTH OFF, Play 040",R,2,DOME,3,1,10,DEUCE,2X2,POWER,QB,Dartmouth University
"18 07 HARVARD DEF vs DARTMOUTH OFF, Play 041",R,2,DOME,3,2,8,TREO,3X1 NUB,OZ,READ LB,Dartmouth University
"18 07 HARVARD DEF vs DARTMOUTH OFF, Play 042",R,0,DOME,3,3,6,DICE,2X2,GAP,READ LB,Dartmouth University
"18 07 HARVARD DEF vs DARTMOUTH OFF, Play 043",R,7,DOME,3,1,10,DEUCE,2X2,OZ,LEAD QB,Dartmouth University
"18 07 HARVARD DEF vs DARTMOUTH OFF, Play 044",R,4,DOME,4,2,3,TRIPS,3X1,ZONE,QB GRIND MESH,Dartmouth University
"18 07 HARVARD DEF vs DARTMOUTH OFF, Play 045",R,-3,DOME,4,1,10,TREY,3X1,OZ,READ LB,Dartmouth University
"18 07 HARVARD DEF vs DARTMOUTH OFF, Play 047",R,36,DOME,4,2,13,DEUCE,2X2,OZ,LEAD QB,Dartmouth University
"18 07 HARVARD DEF vs DARTMOUTH OFF, Play 048",P,0,DOME,4,1,10,DEUCE,2X2,PAP,POWER,Dartmouth University
"18 07 HARVARD DEF vs DARTMOUTH OFF, Play 049",R,5,DOME,4,2,10,DEUCE,2X2,OZ,LEAD QB,Dartmouth University
"18 07 HARVARD DEF vs DARTMOUTH OFF, Play 050",R,4,SALUTE,4,3,5,TREO,3X1 NUB,STRETCH,READ,Dartmouth University
"18 07 HARVARD DEF vs DARTMOUTH OFF, Play 051",R,2,TILT,4,4,1,SLEDGE,3X1 NUB,WEDGE,LEAD QB,Dartmouth University
"18 07 HARVARD DEF vs DARTMOUTH OFF, Play 052",R,3,DOME,4,1,10,TREY,3X1,OZ,READ LB,Dartmouth University
"18 07 HARVARD DEF vs DARTMOUTH OFF, Play 053",R,1,DOME,4,2,7,DOUBLES,2X2,TRAP,FLOP,Dartmouth University
"18 07 HARVARD DEF vs DARTMOUTH OFF, Play 054",P,0,DOME,4,3,6,TRIPS,3X1,GADGET,OZ QB LEAD,Dartmouth University
"18 07 HARVARD DEF vs DARTMOUTH OFF, Play 055",R,3,DOME,4,1,10,TREO,3X1 NUB,OZ,LEAD QB,Dartmouth University
"18 07 HARVARD DEF vs DARTMOUTH OFF, Play 056",R,0,PEAK,4,2,7,SLEDGE,3X1 NUB,ZONE,BARF,Dartmouth University
"18 07 HARVARD DEF vs DARTMOUTH OFF, Play 057",P,2,DOME,4,3,7,DOUBLES,2X2,DB,NA,Dartmouth University
"18 07 HARVARD DEF vs DARTMOUTH OFF, Play 058",R,5,DOME,4,1,10,DICE,2X2,COUNTER,QB,Dartmouth University
"18 07 HARVARD DEF vs DARTMOUTH OFF, Play 059",R,1,DOME,4,2,5,DICE,2X2,OZ,GRIND,Dartmouth University
"18 07 HARVARD DEF vs DARTMOUTH OFF, Play 060",R,9,DOME,4,3,4,DICE,2X2,OZ,LEAD QB,Dartmouth University
"18 08 HARVARD DEF vs. COLUMBIA OFF, Play 001",R,2,DOME,1,1,10,TREO,3X2,POWER,QB,Columbia University
"18 08 HARVARD DEF vs. COLUMBIA OFF, Play 002",P,13,DOME,1,2,8,TWINS,3X1 NUB,DASH,NA,Columbia University
"18 08 HARVARD DEF vs. COLUMBIA OFF, Play 003",R,-1,REBEL,1,1,10,TREY,3X1,OZ,READ,Columbia University
"18 08 HARVARD DEF vs. COLUMBIA OFF, Play 004",R,6,SKY,1,2,11,DOUBLES,2X2,WRAP,READ,Columbia University
"18 08 HARVARD DEF vs. COLUMBIA OFF, Play 005",R,2,REBEL,1,3,5,TREY,3X1,TRAP,FLOP,Columbia University
"18 08 HARVARD DEF vs. COLUMBIA OFF, Play 006",P,14,DOME,1,1,10,DEUCE,2X2,DB,NA,Columbia University
"18 08 HARVARD DEF vs. COLUMBIA OFF, Play 007",R,1,DOME,1,1,10,TWINS,2X2 NUB,ZONE,BLUFF,Columbia University
"18 08 HARVARD DEF vs. COLUMBIA OFF, Play 008",P,0,DOME,1,2,9,TWINS,2X2 NUB,DB,NA,Columbia University
"18 08 HARVARD DEF vs. COLUMBIA OFF, Play 009",P,-3,ANTHEM,1,3,9,DEUCE,3X2,DB,NA,Columbia University
"18 08 HARVARD DEF vs. COLUMBIA OFF, Play 011",R,0,DOME,1,1,10,TWINS,2X2 NUB,COUNTER,FLOP H,Columbia University
"18 08 HARVARD DEF vs. COLUMBIA OFF, Play 012",P,0,REBEL,1,2,10,TRIPS,3X1,PAP,GAP READ,Columbia University
"18 08 HARVARD DEF vs. COLUMBIA OFF, Play 013",P,2,WEASEL,1,3,10,TWINS,2X2 NUB,DB,NA,Columbia University
"18 08 HARVARD DEF vs. COLUMBIA OFF, Play 014",R,11,ANTHEM,1,1,10,DEUCE,2X2,ZONE,BOW,Columbia University
"18 08 HARVARD DEF vs. COLUMBIA OFF, Play 015",R,6,DOME,1,1,10,TRIPS,3X1,OZ,READ FOLD,Columbia University
"18 08 HARVARD DEF vs. COLUMBIA OFF, Play 016",P,49,REBEL,1,2,4,TREO,3X1 NUB,DB,TOKEN,Columbia University
"18 08 HARVARD DEF vs. COLUMBIA OFF, Play 017",P,2,BLADE,1,1,10,TREO,3X1 NUB,DB,TOKEN,Columbia University
"18 08 HARVARD DEF vs. COLUMBIA OFF, Play 018",P,0,REBEL,1,2,8,DEUCE,2X2,DB,NA,Columbia University
"18 08 HARVARD DEF vs. COLUMBIA OFF, Play 019",P,0,DOME,1,1,10,TWINS,2X2 NUB,DB,NA,Columbia University
"18 08 HARVARD DEF vs. COLUMBIA OFF, Play 020",P,6,SKY,1,2,10,TRIPS,3X1,DB,NA,Columbia University
"18 08 HARVARD DEF vs. COLUMBIA OFF, Play 021",P,0,SCRATCH,1,3,4,TREO,3X1 NUB,DB,NA,Columbia University
"18 08 HARVARD DEF vs. COLUMBIA OFF, Play 022",P,11,DOME,1,1,10,TREO,3X2,SOP,NA,Columbia University
"18 08 HARVARD DEF vs. COLUMBIA OFF, Play 023",R,8,ANTHEM,1,1,10,DEUCE,2X2,ZONE,BOW,Columbia University
"18 08 HARVARD DEF vs. COLUMBIA OFF, Play 024",R,-1,DOME,1,2,2,TREY,3X1,OZ,READ,Columbia University
"18 08 HARVARD DEF vs. COLUMBIA OFF, Play 025",P,0,MACHETE,1,3,3,DEUCE,2X2,QP,NA,Columbia University
"18 08 HARVARD DEF vs. COLUMBIA OFF, Play 026",P,0,DOME,2,1,10,TREO,3X1 NUB,DB,TOKEN,Columbia University
"18 08 HARVARD DEF vs. COLUMBIA OFF, Play 027",R,10,REBEL,2,2,10,DICE,2X2,COUNTER,Y,Columbia University
"18 08 HARVARD DEF vs. COLUMBIA OFF, Play 028",P,0,REBEL,2,1,10,TRIPS,3X1,NAKED,OZ GRIND,Columbia University
"18 08 HARVARD DEF vs. COLUMBIA OFF, Play 029",R,-5,SKY,2,2,10,TRIPS,3X1,ZONE,GRIND,Columbia University
"18 08 HARVARD DEF vs. COLUMBIA OFF, Play 030",P,13,SKY,2,3,15,TREY,3X1,DB,NA,Columbia University
"18 08 HARVARD DEF vs. COLUMBIA OFF, Play 031",R,1,DOME,2,4,2,TWINS,3X2,STRETCH,QB,Columbia University
"18 08 HARVARD DEF vs. COLUMBIA OFF, Play 032",R,2,DOME,2,1,10,DOUBLES,2X2,ZONE,READ,Columbia University
"18 08 HARVARD DEF vs. COLUMBIA OFF, Play 033",P,0,DOME,2,2,8,DOS,2X2,DB,TOKEN,Columbia University
"18 08 HARVARD DEF vs. COLUMBIA OFF, Play 034",P,0,WEASEL,2,3,8,TREY,3X1,DB,NA,Columbia University
"18 08 HARVARD DEF vs. COLUMBIA OFF, Play 035",P,6,ANTHEM,2,1,10,TREO,3X2,QP,NA,Columbia University
"18 08 HARVARD DEF vs. COLUMBIA OFF, Play 036",P,23,DOME,2,2,4,DICE,2X2,GADGET,REVERSE THROWBACK,Columbia University
"18 08 HARVARD DEF vs. COLUMBIA OFF, Play 037",R,1,STRAP,2,1,3,SLEDGE,3X2 NUB,WEDGE,QB,Columbia University
"18 08 HARVARD DEF vs. COLUMBIA OFF, Play 038",R,2,STRAP,2,2,2,SLEDGE,3X2 NUB,WEDGE,QB,Columbia University
"18 08 HARVARD DEF vs. COLUMBIA OFF, Play 039",R,4,REBEL,2,1,10,DICE,2X2,ZONE,SPLIT,Columbia University
"18 08 HARVARD DEF vs. COLUMBIA OFF, Play 040",P,13,ANTHEM,2,2,6,TRIPS,3X1,PAP,GAP READ,Columbia University
"18 08 HARVARD DEF vs. COLUMBIA OFF, Play 041",R,0,DOME,2,1,10,TRIPS,3X1,OZ,READ FOLD,Columbia University
"18 08 HARVARD DEF vs. COLUMBIA OFF, Play 042",P,12,SKY,2,2,10,TREO,3X2,SOP,NA,Columbia University
"18 08 HARVARD DEF vs. COLUMBIA OFF, Play 043",P,0,DOME,2,1,10,TREO,3X1 NUB,DB,TOKEN,Columbia University
"18 08 HARVARD DEF vs. COLUMBIA OFF, Play 044",P,23,SKY,2,1,10,TREY,3X1,DB,NA,Columbia University
"18 08 HARVARD DEF vs. COLUMBIA OFF, Play 045",P,-2,DOME,2,1,10,DEUCE,2X2,DB,NA,Columbia University
"18 08 HARVARD DEF vs. COLUMBIA OFF, Play 046",P,0,BUC,2,2,12,DEUCE,2X2,DB,NA,Columbia University
"18 08 HARVARD DEF vs. COLUMBIA OFF, Play 047",R,2,DOME,2,1,10,TWINS,3X1 NUB,ZONE,BARK,Columbia University
"18 08 HARVARD DEF vs. COLUMBIA OFF, Play 049",R,0,SKY,3,1,10,TREO,3X1 NUB,ZONE,READ LB,Columbia University
"18 08 HARVARD DEF vs. COLUMBIA OFF, Play 050",R,-1,REBEL,3,2,10,DEUCE,2X2,ZONE,BOW,Columbia University
"18 08 HARVARD DEF vs. COLUMBIA OFF, Play 051",P,0,BUC,3,3,11,TREY,3X1,DB,NA,Columbia University
"18 08 HARVARD DEF vs. COLUMBIA OFF, Play 052",P,0,SKY,3,1,10,TREO,3X2,QP,NA,Columbia University
"18 08 HARVARD DEF vs. COLUMBIA OFF, Play 053",P,5,REBEL,3,2,10,DEUCE,2X2,DB,NA,Columbia University
"18 08 HARVARD DEF vs. COLUMBIA OFF, Play 054",P,-4,BLADE,3,3,5,TREY,3X1,SOP,NA,Columbia University
"18 08 HARVARD DEF vs. COLUMBIA OFF, Play 056",R,6,DOME,3,1,10,TREO,3X1 NUB,TRAP,FLOP,Columbia University
"18 08 HARVARD DEF vs. COLUMBIA OFF, Play 057",P,0,DOME,3,1,20,TRIPS,3X1,DB,NA,Columbia University
"18 08 HARVARD DEF vs. COLUMBIA OFF, Play 058",P,0,SKY,3,2,20,TRIPS,3X1,PAP,GAP READ,Columbia University
"18 08 HARVARD DEF vs. COLUMBIA OFF, Play 059",P,4,12,3,3,20,TREY,3X1,DB,NA,Columbia University
"18 08 HARVARD DEF vs. COLUMBIA OFF, Play 060",R,10,DOME,3,1,10,TRIPS,3X1,OZ,READ FOLD,Columbia University
"18 08 HARVARD DEF vs. COLUMBIA OFF, Play 061",P,0,ANTHEM,3,1,10,TREO,3X1 NUB,SCREEN,QP BUBBLE S,Columbia University
"18 08 HARVARD DEF vs. COLUMBIA OFF, Play 062",P,0,SKY,3,2,10,TREO,3X1 NUB,DB,TOKEN,Columbia University
"18 08 HARVARD DEF vs. COLUMBIA OFF, Play 063",P,3,12,3,3,10,TREY,3X1,DB,NA,Columbia University
"18 08 HARVARD DEF vs. COLUMBIA OFF, Play 064",P,6,SKY,4,1,10,DOUBLES,2X2,DB,NA,Columbia University
"18 08 HARVARD DEF vs. COLUMBIA OFF, Play 065",R,48,DOME,4,2,4,TREY,3X1,OZ,READ,Columbia University
"18 08 HARVARD DEF vs. COLUMBIA OFF, Play 066",R,8,SKY,4,1,10,TREO,3X1 NUB,ZONE,READ LB,Columbia University
"18 08 HARVARD DEF vs. COLUMBIA OFF, Play 067",R,-1,SKY,4,2,2,TREO,3X1 NUB,TRAP,FLOP,Columbia University
"18 08 HARVARD DEF vs. COLUMBIA OFF, Play 068",P,20,DOME,4,3,3,TWINS,3X1 NUB,DASH,NA,Columbia University
"18 08 HARVARD DEF vs. COLUMBIA OFF, Play 069",R,-2,CHARGER,4,5,3,TREO,3X2,GAP,SHOP Y,Columbia University
"18 08 HARVARD DEF vs. COLUMBIA OFF, Play 070",P,0,ANTHEM,4,1,10,TWINS,2X2 NUB,SOP,NA,Columbia University
"18 08 HARVARD DEF vs. COLUMBIA OFF, Play 071",R,0,BLADE,4,2,10,TREO,3X1 NUB,ZONE,READ LB,Columbia University
"18 08 HARVARD DEF vs. COLUMBIA OFF, Play 072",P,-7,REBEL,4,3,10,DEUCE,3X2,DB,NA,Columbia University
"18 08 HARVARD DEF vs. COLUMBIA OFF, Play 073",P,-7,12,4,4,17,TREY,3X1,DB,NA,Columbia University
"18 08 HARVARD DEF vs. COLUMBIA OFF, Play 074",P,7,DOME,4,1,10,DOUBLES,2X2,SCREEN,FOLD,Columbia University
"18 08 HARVARD DEF vs. COLUMBIA OFF, Play 075",P,0,REBEL,4,2,3,DOUBLES,2X2,SCREEN,QP,Columbia University
"18 08 HARVARD DEF vs. COLUMBIA OFF, Play 076",R,2,REBEL,4,3,3,TREY,3X1,OZ,READ DT,Columbia University
"18 08 HARVARD DEF vs. COLUMBIA OFF, Play 077",R,0,REBEL,4,4,1,DEUCE,2X2,COUNTER,Y QB,Columbia University
"18 08 HARVARD DEF vs. COLUMBIA OFF, Play 078",R,4,DOME,4,1,10,TREO,3X1 NUB,ZONE,READ LB,Columbia University
"18 08 HARVARD DEF vs. COLUMBIA OFF, Play 079",P,3,DOME,4,2,6,DOUBLES,2X2,SCREEN,FOLD,Columbia University
"18 08 HARVARD DEF vs. COLUMBIA OFF, Play 080",P,0,DOME,4,3,3,TRIPS,3X1,DASH,NA,Columbia University
"18 09 HARVARD DEF vs PENN OFF, Play 001",P,0,DOME,1,1,10,TRIPS,3X2,DB,NA,University of Pennsylvania
"18 09 HARVARD DEF vs PENN OFF, Play 002",R,-1,SOLDIER,1,1,10,TREY,3X1,ZONE,READ,University of Pennsylvania
"18 09 HARVARD DEF vs PENN OFF, Play 003",P,5,SKY,1,2,11,TREY,3X1,QP,NA,University of Pennsylvania
"18 09 HARVARD DEF vs PENN OFF, Play 004",P,0,SOLDIER,1,3,6,TREO,3X1 NUB,DB,NA,University of Pennsylvania
"18 09 HARVARD DEF vs PENN OFF, Play 005",R,2,DOME,1,1,10,TREO,3X1 NUB,GAP,READ,University of Pennsylvania
"18 09 HARVARD DEF vs PENN OFF, Play 006",R,11,SOLDIER,1,2,8,TREY,3X1,OZ,QB LEAD,University of Pennsylvania
"18 09 HARVARD DEF vs PENN OFF, Play 007",R,1,DOME,1,1,10,TREY,3X1,ZONE,READ,University of Pennsylvania
"18 09 HARVARD DEF vs PENN OFF, Play 008",R,2,SKY,1,2,9,TREO,3X1 NUB,STRETCH,READ,University of Pennsylvania
"18 09 HARVARD DEF vs PENN OFF, Play 009",P,10,SKY,1,3,7,TREY,3X2,DB,NA,University of Pennsylvania
"18 09 HARVARD DEF vs PENN OFF, Play 010",P,1,DOME,1,1,10,TREY,3X2,DB,NA,University of Pennsylvania
"18 09 HARVARD DEF vs PENN OFF, Play 011",P,32,SKY,1,2,9,TREY,3X1,QP,NA,University of Pennsylvania
"18 09 HARVARD DEF vs PENN OFF, Play 012",R,0,CHARGER,1,1,1,TWINS,3X1 NUB,WEDGE,QB,University of Pennsylvania
"18 09 HARVARD DEF vs PENN OFF, Play 013",R,0,CHARGER,1,2,1,TWINS,3X1 NUB,ZONE,GRIND,University of Pennsylvania
"18 09 HARVARD DEF vs PENN OFF, Play 014",R,0,CHARGER,2,3,1,TWINS,3X1 NUB,ZONE,GRIND,University of Pennsylvania
"18 09 HARVARD DEF vs PENN OFF, Play 015",P,0,CHARGER,2,4,1,TREO,3X1 NUB,SOP,NA,University of Pennsylvania
"18 09 HARVARD DEF vs PENN OFF, Play 016",P,0,DOME,2,1,10,DOUBLES,3X2,DB,NA,University of Pennsylvania
"18 09 HARVARD DEF vs PENN OFF, Play 017",R,6,SOLDIER,2,2,10,DICE,2X2,OZ,READ,University of Pennsylvania
"18 09 HARVARD DEF vs PENN OFF, Play 018",P,3,SOLDIER,2,3,4,DOUBLES,2X2,DB,NA,University of Pennsylvania
"18 09 HARVARD DEF vs PENN OFF, Play 019",R,0,SKY,2,1,10,TREY,3X1,ZONE,READ,University of Pennsylvania
"18 09 HARVARD DEF vs PENN OFF, Play 020",R,1,DOME,2,2,10,TRIPS,3X1,OPTION,SPEED,University of Pennsylvania
"18 09 HARVARD DEF vs PENN OFF, Play 021",R,1,BUC,2,3,9,TREY,4X1,DRAW,READ LB,University of Pennsylvania
"18 09 HARVARD DEF vs PENN OFF, Play 022",R,2,DOME,2,1,10,SPREAD,SPREAD,GAP,READ,University of Pennsylvania
"18 09 HARVARD DEF vs PENN OFF, Play 023",P,18,DOME,2,2,8,DOUBLES,2X2,DB,NA,University of Pennsylvania
"18 09 HARVARD DEF vs PENN OFF, Play 024",P,3,SOLDIER,2,1,10,DOUBLES,2X2,SOP,NA,University of Pennsylvania
"18 09 HARVARD DEF vs PENN OFF, Play 025",P,0,SOLDIER,2,2,7,TREY,3X1,DB,NA,University of Pennsylvania
"18 09 HARVARD DEF vs PENN OFF, Play 026",P,-3,12,2,3,7,DOUBLES,2X2,DB,NA,University of Pennsylvania
"18 09 HARVARD DEF vs PENN OFF, Play 027",P,0,SOLDIER,3,1,10,DOUBLES,2X2,NAKED,SPEED SPLIT,University of Pennsylvania
"18 09 HARVARD DEF vs PENN OFF, Play 028",R,1,SKY,3,2,10,TRIPS,3X1,POWER,QB,University of Pennsylvania
"18 09 HARVARD DEF vs PENN OFF, Play 029",P,0,SKY,3,3,9,TREY,4X1,DB,NA,University of Pennsylvania
"18 09 HARVARD DEF vs PENN OFF, Play 030",R,0,DOME,3,1,10,DOUBLES,2X2,OZ,READ,University of Pennsylvania
"18 09 HARVARD DEF vs PENN OFF, Play 032",P,10,DOME,3,2,15,DOUBLES,2X2,DB,NA,University of Pennsylvania
"18 09 HARVARD DEF vs PENN OFF, Play 034",P,0,12,3,3,10,DOUBLES,2X2,DB,NA,University of Pennsylvania
"18 09 HARVARD DEF vs PENN OFF, Play 035",R,1,SKY,3,1,10,TRIPS,3X1,GAP,READ,University of Pennsylvania
"18 09 HARVARD DEF vs PENN OFF, Play 036",P,5,DOME,3,2,9,DEUCE,3X2,SOP,NA,University of Pennsylvania
"18 09 HARVARD DEF vs PENN OFF, Play 037",R,4,SOLDIER,3,3,4,TREY,3X1,DRAW,READ LB,University of Pennsylvania
"18 09 HARVARD DEF vs PENN OFF, Play 038",P,0,DOME,3,1,10,TREO,3X1 NUB,PAP,STRETCH READ LB,University of Pennsylvania
"18 09 HARVARD DEF vs PENN OFF, Play 039",P,-15,SKY,3,1,10,TREO,3X1 NUB,SOP,NA,University of Pennsylvania
"18 09 HARVARD DEF vs PENN OFF, Play 040",R,5,CROWN,3,1,10,OPEN,2X2,ZONE,LEAD GRIND,University of Pennsylvania
"18 09 HARVARD DEF vs PENN OFF, Play 041",P,21,CROWN,3,2,5,OPEN,2X2,PAP,GAP READ,University of Pennsylvania
"18 09 HARVARD DEF vs PENN OFF, Play 042",R,1,CROWN,3,1,10,OPEN,2X2,ZONE,LEAD GRIND,University of Pennsylvania
"18 09 HARVARD DEF vs PENN OFF, Play 043",R,8,SOLDIER,3,2,9,TRIPS,3X1,OZ,GRIND,University of Pennsylvania
"18 09 HARVARD DEF vs PENN OFF, Play 044",R,2,DOME,3,3,1,TRIPS,3X1,ZONE,GRIND,University of Pennsylvania
"18 09 HARVARD DEF vs PENN OFF, Play 045",P,0,BLADE,4,1,10,TREY,3X1,QP,NA,University of Pennsylvania
"18 09 HARVARD DEF vs PENN OFF, Play 046",R,-4,SKY,4,2,10,TREY,3X1,ZONE,READ,University of Pennsylvania
"18 09 HARVARD DEF vs PENN OFF, Play 047",P,20,SKY,4,1,10,SPREAD,SPREAD,DB,NA,University of Pennsylvania
"18 09 HARVARD DEF vs PENN OFF, Play 048",P,2,SOLDIER,4,1,10,TREY,3X1,QP,TOKEN,University of Pennsylvania
"18 09 HARVARD DEF vs PENN OFF, Play 049",P,31,SKY,4,2,8,SPREAD,SPREAD,PAP,GAP READ,University of Pennsylvania
"18 09 HARVARD DEF vs PENN OFF, Play 050",R,3,SKY,4,1,10,DOUBLES,2X2,ZONE,READ LB,University of Pennsylvania
"18 09 HARVARD DEF vs PENN OFF, Play 051",P,23,SKY,4,2,7,SPREAD,SPREAD,DB,NA,University of Pennsylvania
"18 09 HARVARD DEF vs PENN OFF, Play 052",P,-7,12,4,1,10,TREY,3X1,DB,NA,University of Pennsylvania
"18 09 HARVARD DEF vs PENN OFF, Play 053",R,4,WEASEL,4,2,17,TRIPS,3X1,ZONE,GRIND,University of Pennsylvania
"18 09 HARVARD DEF vs PENN OFF, Play 054",R,5,12,4,3,13,TRIPS,3X1,ZONE,GRIND,University of Pennsylvania
"18 10 HARVARD DEF vs YALE OFF, Play 001",R,-1,FREEDOM,1,1,10,TRIPS,3X1,OZ,READ,Yale University
"18 10 HARVARD DEF vs YALE OFF, Play 002",P,11,MONSTAH,1,2,11,DOUBLES,2X2,DB,NA,Yale University
"18 10 HARVARD DEF vs YALE OFF, Play 003",P,0,DOME,1,1,10,TRIPS,3X1,DB,TOKEN,Yale University
"18 10 HARVARD DEF vs YALE OFF, Play 004",R,-6,SKY,1,2,10,DEUCE,2X2,OZ,READ,Yale University
"18 10 HARVARD DEF vs YALE OFF, Play 005",P,0,12,1,3,16,TREY,3X1,DB,NA,Yale University
"18 10 HARVARD DEF vs YALE OFF, Play 006",P,11,DOME,1,1,10,SPREAD,SPREAD,DB,NA,Yale University
"18 10 HARVARD DEF vs YALE OFF, Play 007",R,13,SKY,1,1,10,SPREAD,SPREAD,BASH,COUNTER QB,Yale University
"18 10 HARVARD DEF vs YALE OFF, Play 008",P,9,MONSTAH,1,1,10,TREY,3X1,DB,NA,Yale University
"18 10 HARVARD DEF vs YALE OFF, Play 009",R,4,FREEDOM,1,2,1,TREY,3X1,ZONE,READ LB,Yale University
"18 10 HARVARD DEF vs YALE OFF, Play 010",P,0,SKY,1,1,10,TREY,3X1,DB,TOKEN,Yale University
"18 10 HARVARD DEF vs YALE OFF, Play 011",P,0,SMACK,1,2,10,DOUBLES,2X2,DB,NA,Yale University
"18 10 HARVARD DEF vs YALE OFF, Play 012",P,11,SKY,1,3,10,DOUBLES,2X2,DB,NA,Yale University
"18 10 HARVARD DEF vs YALE OFF, Play 013",P,10,SKY,1,1,10,DOUBLES,2X2,DB,NA,Yale University
"18 10 HARVARD DEF vs YALE OFF, Play 014",P,0,FREEDOM,1,1,10,TRIPS,3X1,PAP,ZONE SPLIT,Yale University
"18 10 HARVARD DEF vs YALE OFF, Play 015",R,0,CHARGER,1,1,3,TRIPS,3X1,ZONE,GRIND,Yale University
"18 10 HARVARD DEF vs YALE OFF, Play 016",R,3,CHARGER,1,2,3,SLEDGE WING,2X2 NUB,ZONE,GRIND,Yale University
"18 10 HARVARD DEF vs YALE OFF, Play 017",P,-1,MONSTAH,1,1,10,TRIPS,3X1,PAP,ZONE GRIND,Yale University
"18 10 HARVARD DEF vs YALE OFF, Play 018",P,0,SKY,2,2,11,TREY,3X1,DB,NA,Yale University
"18 10 HARVARD DEF vs YALE OFF, Play 019",P,0,WEASEL,2,3,11,TREO,3X1 NUB,DB,NA,Yale University
"18 10 HARVARD DEF vs YALE OFF, Play 020",R,2,DOME,2,1,10,DICE,2X2,POWER,NA,Yale University
"18 10 HARVARD DEF vs YALE OFF, Play 021",P,8,DOME,2,2,8,TREY,3X1,DB,NA,Yale University
"18 10 HARVARD DEF vs YALE OFF, Play 022",R,-1,FREEDOM,2,1,10,SPREAD,SPREAD,ZONE,BLUFF,Yale University
"18 10 HARVARD DEF vs YALE OFF, Play 023",P,15,MONSTAH,2,2,11,SPREAD,SPREAD,DB,NA,Yale University
"18 10 HARVARD DEF vs YALE OFF, Play 024",P,0,SKY,2,1,10,SPREAD,SPREAD,DB,TOKEN,Yale University
"18 10 HARVARD DEF vs YALE OFF, Play 025",P,5,SMACK,2,2,10,DOUBLES,2X2,DB,NA,Yale University
"18 10 HARVARD DEF vs YALE OFF, Play 026",P,0,BLADE,2,3,5,TREY,3X1,DB,NA,Yale University
"18 10 HARVARD DEF vs YALE OFF, Play 027",R,-4,SKY,2,1,10,DOUBLES,2X2,OZ,READ FOLD,Yale University
"18 10 HARVARD DEF vs YALE OFF, Play 028",P,0,SKY,2,2,14,DOUBLES,2X2,DB,NA,Yale University
"18 10 HARVARD DEF vs YALE OFF, Play 029",P,13,12,2,3,14,TREY,3X1,DB,NA,Yale University
"18 10 HARVARD DEF vs YALE OFF, Play 030",R,6,DOME,2,1,10,SPREAD,SPREAD,ZONE,READ,Yale University
"18 10 HARVARD DEF vs YALE OFF, Play 031",R,33,FREEDOM,2,2,4,SPREAD,SPREAD,OZ,READ LEAD,Yale University
"18 10 HARVARD DEF vs YALE OFF, Play 033",R,4,FREEDOM,2,1,10,DICE,2X2,COUNTER,Y,Yale University
"18 10 HARVARD DEF vs YALE OFF, Play 034",P,16,SKY,2,2,6,TRIPS,3X1,PAP,ZONE SPLIT,Yale University
"18 10 HARVARD DEF vs YALE OFF, Play 035",R,-6,MONSTAH,2,1,10,DOUBLES,2X2,ZONE,READ,Yale University
"18 10 HARVARD DEF vs YALE OFF, Play 036",P,22,MONSTAH,2,2,16,DOUBLES,2X2,DB,NA,Yale University
"18 10 HARVARD DEF vs YALE OFF, Play 037",P,0,SKY,2,1,10,TREY,3X1,DB,NA,Yale University
"18 10 HARVARD DEF vs YALE OFF, Play 038",P,0,WEASEL,2,2,10,TREY,3X1,DB,NA,Yale University
"18 10 HARVARD DEF vs YALE OFF, Play 039",P,0,12,2,3,10,TREY,3X1,DB,NA,Yale University
"18 10 HARVARD DEF vs YALE OFF, Play 040",R,4,SKY,2,1,10,TRIPS,3X1,ZONE,GRIND,Yale University
"18 10 HARVARD DEF vs YALE OFF, Play 041",P,25,DOME,3,1,10,SPREAD,SPREAD,SCREEN,READ,Yale University
"18 10 HARVARD DEF vs YALE OFF, Play 042",R,0,FREEDOM,3,1,10,TRIPS,3X1,COUNTER,Y,Yale University
"18 10 HARVARD DEF vs YALE OFF, Play 043",P,48,MONSTAH,3,2,10,DEUCE,2X2,DB,TOKEN,Yale University
"18 10 HARVARD DEF vs YALE OFF, Play 044",R,-6,CHARGER,3,1,2,SLEDGE WING,2X2 NUB,ZONE,GRIND,Yale University
"18 10 HARVARD DEF vs YALE OFF, Play 045",P,0,FREEDOM,3,2,8,TREY,3X1,DB,NA,Yale University
"18 10 HARVARD DEF vs YALE OFF, Play 046",P,0,7,3,3,8,DEUCE,2X2,DB,NA,Yale University
"18 10 HARVARD DEF vs YALE OFF, Play 047",R,3,CHARGER,3,1,4,TRIPS,3X1,ZONE,GRIND,Yale University
"18 10 HARVARD DEF vs YALE OFF, Play 048",R,1,CHARGER,3,2,1,CLOSED,2X2 NUB,WEDGE,QB,Yale University
"18 10 HARVARD DEF vs YALE OFF, Play 049",R,4,SKY,3,1,10,DOUBLES,2X2,ZONE,READ,Yale University
"18 10 HARVARD DEF vs YALE OFF, Play 050",R,15,SMACK,3,2,6,DEUCE,2X2,ZONE,GRIND,Yale University
"18 10 HARVARD DEF vs YALE OFF, Play 051",P,48,DOME,3,1,10,DICE,2X2,PAP,ZONE GRIND,Yale University
"18 10 HARVARD DEF vs YALE OFF, Play 052",P,-8,CHARGER,3,1,6,TRIPS,3X1,DB,NA,Yale University
"18 10 HARVARD DEF vs YALE OFF, Play 053",P,0,WEASEL,3,2,14,TRIPS,3X1,DB,NA,Yale University
"18 10 HARVARD DEF vs YALE OFF, Play 054",P,0,WEASEL,3,3,14,TREY,3X1,DB,NA,Yale University
"18 10 HARVARD DEF vs YALE OFF, Play 055",R,3,SKY,3,1,10,SPREAD,SPREAD,ZONE,READ,Yale University
"18 10 HARVARD DEF vs YALE OFF, Play 056",P,13,SKY,3,2,7,TREY,3X1,DB,NA,Yale University
"18 10 HARVARD DEF vs YALE OFF, Play 057",P,0,DOME,3,1,10,TRIPS,3X1,PAP,ZONE SPLIT,Yale University
"18 10 HARVARD DEF vs YALE OFF, Play 058",P,4,BLADE,3,2,10,TREY,3X1,DB,NA,Yale University
"18 10 HARVARD DEF vs YALE OFF, Play 059",P,12,SHADE,3,3,6,TREY,3X1,DB,NA,Yale University
"18 10 HARVARD DEF vs YALE OFF, Play 060",P,0,DOME,3,1,10,DOUBLES,2X2,DB,TOKEN,Yale University
"18 10 HARVARD DEF vs YALE OFF, Play 061",R,7,FREEDOM,3,2,10,TREO,3X1 NUB,ZONE,GRIND,Yale University
"18 10 HARVARD DEF vs YALE OFF, Play 062",R,6,DOME,3,3,3,TREY,3X1,ZONE,READ LB,Yale University
"18 10 HARVARD DEF vs YALE OFF, Play 063",R,4,FREEDOM,3,1,10,TRIPS,3X1,ZONE,GRIND,Yale University
"18 10 HARVARD DEF vs YALE OFF, Play 064",P,10,BLADE,3,2,6,TREY,3X1,DB,NA,Yale University
"18 10 HARVARD DEF vs YALE OFF, Play 065",R,-6,DOME,3,1,10,TRIPS,3X1,ZONE,GRIND,Yale University
"18 10 HARVARD DEF vs YALE OFF, Play 066",P,0,SKY,4,2,16,DOUBLES,2X2,DB,NA,Yale University
"18 10 HARVARD DEF vs YALE OFF, Play 067",P,14,SHADE,4,3,16,TREY,3X2,DB,NA,Yale University
"18 10 HARVARD DEF vs YALE OFF, Play 068",R,4,MONSTAH,4,1,10,DICE,2X2,ZONE,GRIND,Yale University
"18 10 HARVARD DEF vs YALE OFF, Play 069",R,0,MONSTAH,4,2,6,DEUCE,2X2,OZ,READ,Yale University
"18 10 HARVARD DEF vs YALE OFF, Play 070",P,0,BUC,4,3,6,TREY,3X2,DB,NA,Yale University
"18 10 HARVARD DEF vs YALE OFF, Play 071",P,0,12,4,1,10,TREY,3X1,DB,NA,Yale University
"18 10 HARVARD DEF vs YALE OFF, Play 072",P,0,KNIFE,4,2,10,TREY,3X1,DB,NA,Yale University
"18 10 HARVARD DEF vs YALE OFF, Play 073",P,0,SKUNK,4,3,10,TREY,3X1,DB,NA,Yale University
"18 10 HARVARD DEF vs YALE OFF, Play 074",P,0,12,4,1,10,DOUBLES,2X2,DB,NA,Yale University
"18 10 HARVARD DEF vs YALE OFF, Play 075",P,2,SKUNK,4,2,10,TREY,3X1,DB,NA,Yale University
"18 10 HARVARD DEF vs YALE OFF, Play 076",P,10,SHADE,4,3,8,TREY,3X1,DB,NA,Yale University
"18 10 HARVARD DEF vs YALE OFF, Play 077",P,17,SKUNK,4,1,10,TREY,3X1,DB,NA,Yale University
"18 10 HARVARD DEF vs YALE OFF, Play 078",P,0,MACHETE,4,1,10,DOUBLES,2X2,DB,NA,Yale University
"HARVARD vs BROWN DEF, Play 001",R,15,FRIAR,1,1,10,TRIPS,3X1,ZONE,READ LB,Brown University
"HARVARD vs BROWN DEF, Play 002",R,12,HILL,1,1,10,DEUCE,3X2,GAP,SHOP Y,Brown University
"HARVARD vs BROWN DEF, Play 003",P,0,HILL,1,1,10,TWINS,2X2 NUB,NAKED,OZ BLUFF,Brown University
"HARVARD vs BROWN DEF, Play 004",P,8,VENOM,1,2,10,DOUBLES,3X2,DB,NA,Brown University
"HARVARD vs BROWN DEF, Play 005",R,15,HILL,1,3,2,TREO,3X1 NUB,GAP,SHOP T,Brown University
"HARVARD vs BROWN DEF, Play 006",R,1,FRIAR,1,1,10,DOUBLES,SPREAD,ZONE,READ LB,Brown University
"HARVARD vs BROWN DEF, Play 007",R,0,SPACE,1,2,9,DEUCE,2X2,ZONE,GRAB FLOP READ FS,Brown University
"HARVARD vs BROWN DEF, Play 008",P,12,SALUTE,1,3,9,DOUBLES,2X2,SCREEN,DB,Brown University
"HARVARD vs BROWN DEF, Play 009",R,2,FRIAR,1,1,10,DEUCE,2X2,ZONE,READ,Brown University
"HARVARD vs BROWN DEF, Play 010",R,0,VENOM,1,2,8,TRIPS,3X1,ZONE,BLIND,Brown University
"HARVARD vs BROWN DEF, Play 011",P,0,FRIAR,1,3,8,TWINS,2X2 NUB,NAKED,OZ GRAB,Brown University
"HARVARD vs BROWN DEF, Play 012",R,3,HILL,1,1,10,DEUCE,2X2,ZONE,WHAM,Brown University
"HARVARD vs BROWN DEF, Play 013",R,2,SPACE,1,2,7,TRIPS,3X1,ZONE,READ LB,Brown University
"HARVARD vs BROWN DEF, Play 014",P,0,FRIAR,1,3,5,TRIPS,3X1,QP,NA,Brown University
"HARVARD vs BROWN DEF, Play 015",P,0,SPACE,1,1,10,TRIPS,3X1,PAP,COUNTER,Brown University
"HARVARD vs BROWN DEF, Play 016",P,18,VENOM,1,2,10,DOUBLES,2X2,SCREEN,DB,Brown University
"HARVARD vs BROWN DEF, Play 017",P,0,HILL,1,1,10,TWINS,2X2 NUB,PAP,OZ READ LB,Brown University
"HARVARD vs BROWN DEF, Play 018",P,-5,SPACE,1,2,10,DOUBLES,2X2,PAP,ZONE READ LB,Brown University
"HARVARD vs BROWN DEF, Play 019",P,0,SPROUT,1,3,15,TREY,3X1,DB,TOKEN,Brown University
"HARVARD vs BROWN DEF, Play 020",R,5,HILL,2,1,10,TRIPS,3X1,OZ,GRAB,Brown University
"HARVARD vs BROWN DEF, Play 021",R,3,SPACE,2,2,5,DICE,2X2,ZONE,READ,Brown University
"HARVARD vs BROWN DEF, Play 022",R,3,FRIAR,2,3,2,TREY,3X1,ZONE,READ,Brown University
"HARVARD vs BROWN DEF, Play 023",R,-2,HILL,2,1,10,DOUBLES,SPREAD,ZONE,READ,Brown University
"HARVARD vs BROWN DEF, Play 024",R,8,SPACE,2,1,19,TREY,3X1,DRAW,READ LB,Brown University
"HARVARD vs BROWN DEF, Play 025",P,2,FRIAR,2,2,11,DEUCE,2X2,DB,NA,Brown University
"HARVARD vs BROWN DEF, Play 026",P,0,BLADE,2,3,9,DOUBLES,3X2,DB,NA,Brown University
"HARVARD vs BROWN DEF, Play 027",R,2,FRIAR,2,1,10,TREO,4X1 NUB,GAP,SHOP Y,Brown University
"HARVARD vs BROWN DEF, Play 028",R,2,HILL,2,2,8,TRIPS,3X1,ZONE,GRAB READ FS,Brown University
"HARVARD vs BROWN DEF, Play 029",P,0,SPACE,2,3,6,TREY,3X1,DB,NA,Brown University
"HARVARD vs BROWN DEF, Play 030",P,53,HILL,2,1,10,TRIPS,3X1,GADGET,ZONE GRIND FLOP ORBIT,Brown University
"HARVARD vs BROWN DEF, Play 031",P,18,SPACE,2,1,10,SLEDGE,2X2 NUB,PAP,STRETCH,Brown University
"HARVARD vs BROWN DEF, Play 032",R,2,CHARGER,2,1,4,TRIPS,3X1,ZONE,BLIND,Brown University
"HARVARD vs BROWN DEF, Play 033",R,-1,CHARGER,2,2,2,DEUCE,2X2,ZONE,READ,Brown University
"HARVARD vs BROWN DEF, Play 034",R,0,CHARGER,2,3,3,TWINS,3X1 NUB,GAP,SHOP H,Brown University
"HARVARD vs BROWN DEF, Play 035",R,0,CHARGER,2,4,3,TREO,4X1 NUB,GAP,SHOP Y,Brown University
"HARVARD vs BROWN DEF, Play 036",P,9,SPACE,3,1,10,DOUBLES,2X2,SCREEN,DB,Brown University
"HARVARD vs BROWN DEF, Play 037",R,1,HILL,3,2,1,TRIPS,3X1,ZONE,GRIND,Brown University
"HARVARD vs BROWN DEF, Play 038",P,8,FRIAR,3,1,10,DOUBLES,2X2,SCREEN,DB,Brown University
"HARVARD vs BROWN DEF, Play 039",P,0,VENOM,3,1,20,TREO,3X1 NUB,PAP,OZ READ LB,Brown University
"HARVARD vs BROWN DEF, Play 040",P,14,HILL,3,2,20,TREY,3X1,DB,TOKEN,Brown University
"HARVARD vs BROWN DEF, Play 041",P,0,SALUTE,3,3,6,DOUBLES,2X2,DB,NA,Brown University
"HARVARD vs BROWN DEF, Play 042",R,0,CHARGER,3,1,3,TREO,4X1 NUB,GAP,SHOP Y,Brown University
"HARVARD vs BROWN DEF, Play 043",P,-1,CHARGER,3,2,3,DOUBLES,2X2,SCREEN,DB,Brown University
"HARVARD vs BROWN DEF, Play 044",R,4,CHARGER,3,3,4,TRIPS,3X1,ZONE,BLIND,Brown University
"HARVARD vs BROWN DEF, Play 045",P,-9,SPACE,3,1,10,DOS,2X2,GADGET,SPEED,Brown University
"HARVARD vs BROWN DEF, Play 046",P,10,SPACE,3,2,19,DEUCE,2X2,DB,NA,Brown University
"HARVARD vs BROWN DEF, Play 047",R,0,COKE,3,3,9,TWINS,2X2 NUB,ZONE,GRIND READ FS,Brown University
"HARVARD vs BROWN DEF, Play 048",R,55,HILL,4,1,10,TRIPS,3X1,ZONE,GRAB READ FS,Brown University
"HARVARD vs BROWN DEF, Play 049",R,4,FRIAR,4,1,10,DEUCE,2X2,OZ,READ,Brown University
"HARVARD vs BROWN DEF, Play 050",P,0,FRIAR,4,2,6,DOUBLES,2X2,SCREEN,DB,Brown University
"HARVARD vs BROWN DEF, Play 051",P,29,SALUTE,4,3,6,TWINS,2X2 NUB,PAP,STRETCH,Brown University
"HARVARD vs BROWN DEF, Play 052",R,5,SPACE,4,1,10,TRIPS,3X1,ZONE,GRAB READ FS,Brown University
"HARVARD vs BROWN DEF, Play 053",P,0,FRIAR,4,2,5,DEUCE,2X2,NAKED,OZ GRIND,Brown University
"HARVARD vs BROWN DEF, Play 054",R,-2,BLADE,4,3,5,TREY,3X1,DRAW,READ LB,Brown University
"HARVARD vs BROWN DEF, Play 055",P,0,COKE,4,4,7,DOUBLES,2X2,DB,NA,Brown University
"HARVARD vs BROWN DEF, Play 056",P,0,BUC,4,4,12,TREY,3X1,DB,NA,Brown University
"HARVARD vs BROWN DEF, Play 057",P,0,12,4,1,10,TREO,3X1 NUB,DB,NA,Brown University
"HARVARD vs BROWN DEF, Play 058",R,3,SPROUT,4,2,10,DEUCE,2X2,ZONE,GRIND READ FS,Brown University
"HARVARD vs BROWN DEF, Play 059",R,2,SPROUT,4,3,7,TRIPS,3X1,ZONE,GRAB READ FS,Brown University
"HARVARD vs BROWN DEF, Play 060",P,10,12,4,4,5,TREO,3X1 NUB,DB,NA,Brown University
"HARVARD vs BROWN DEF, Play 061",P,0,SPROUT,4,1,10,TREY,3X1,DB,NA,Brown University
"HARVARD vs BROWN DEF, Play 062",P,4,12,4,2,10,DOUBLES,2X2,SCREEN,DB,Brown University
"HARVARD vs BROWN DEF, Play 063",R,7,12,4,3,6,DEUCE,2X2,ZONE,GRIND READ FS,Brown University
