name,r_p,gain,cover_call,opponent
"18 01 HARVARD DEF vs USD OFF NEW, Play 001",P,18,DOME,University of San Diego
"18 01 HARVARD DEF vs USD OFF NEW, Play 002",R,2,DOME,University of San Diego
"18 01 HARVARD DEF vs USD OFF NEW, Play 003",R,7,DOME,University of San Diego
"18 01 HARVARD DEF vs USD OFF NEW, Play 004",R,-3,DOME,University of San Diego
"18 01 HARVARD DEF vs USD OFF NEW, Play 005",R,-4,DOME,University of San Diego
"18 01 HARVARD DEF vs USD OFF NEW, Play 006",P,0,FREEDOM,University of San Diego
"18 01 HARVARD DEF vs USD OFF NEW, Play 007",P,0,WEASEL,University of San Diego
"18 01 HARVARD DEF vs USD OFF NEW, Play 008",P,0,PYTHON,University of San Diego
"18 01 HARVARD DEF vs USD OFF NEW, Play 009",R,11,DOME,University of San Diego
"18 01 HARVARD DEF vs USD OFF NEW, Play 010",P,68,DOME,University of San Diego
"18 01 HARVARD DEF vs USD OFF NEW, Play 011",R,1,TORO,University of San Diego
"18 01 HARVARD DEF vs USD OFF NEW, Play 012",P,0,SALUTE,University of San Diego
"18 01 HARVARD DEF vs USD OFF NEW, Play 013",P,16,DOME,University of San Diego
"18 01 HARVARD DEF vs USD OFF NEW, Play 014",P,10,PYTHON,University of San Diego
"18 01 HARVARD DEF vs USD OFF NEW, Play 015",R,1,DOME,University of San Diego
"18 01 HARVARD DEF vs USD OFF NEW, Play 016",R,7,PYTHON,University of San Diego
"18 01 HARVARD DEF vs USD OFF NEW, Play 017",P,0,DOME,University of San Diego
"18 01 HARVARD DEF vs USD OFF NEW, Play 018",P,0,FREEDOM,University of San Diego
"18 01 HARVARD DEF vs USD OFF NEW, Play 019",P,28,RATTLER,University of San Diego
"18 01 HARVARD DEF vs USD OFF NEW, Play 020",R,2,DOME,University of San Diego
"18 01 HARVARD DEF vs USD OFF NEW, Play 021",P,0,DOME,University of San Diego
"18 01 HARVARD DEF vs USD OFF NEW, Play 022",P,12,COKE,University of San Diego
"18 01 HARVARD DEF vs USD OFF NEW, Play 023",P,0,TORO,University of San Diego
"18 01 HARVARD DEF vs USD OFF NEW, Play 024",R,1,RATTLER,University of San Diego
"18 01 HARVARD DEF vs USD OFF NEW, Play 025",P,0,SALUTE,University of San Diego
"18 01 HARVARD DEF vs USD OFF NEW, Play 026",P,0,WEASEL,University of San Diego
"18 01 HARVARD DEF vs USD OFF NEW, Play 027",R,17,DOME,University of San Diego
"18 01 HARVARD DEF vs USD OFF NEW, Play 028",P,11,DOME,University of San Diego
"18 01 HARVARD DEF vs USD OFF NEW, Play 029",P,7,TORO,University of San Diego
"18 01 HARVARD DEF vs USD OFF NEW, Play 030",R,17,PYTHON,University of San Diego
"18 01 HARVARD DEF vs USD OFF NEW, Play 031",P,-7,FREEDOM,University of San Diego
"18 01 HARVARD DEF vs USD OFF NEW, Play 032",P,0,PYTHON,University of San Diego
"18 01 HARVARD DEF vs USD OFF NEW, Play 034",P,7,12,University of San Diego
"18 01 HARVARD DEF vs USD OFF NEW, Play 035",R,3,TORO,University of San Diego
"18 01 HARVARD DEF vs USD OFF NEW, Play 036",P,11,DOME,University of San Diego
"18 01 HARVARD DEF vs USD OFF NEW, Play 037",P,7,DOME,University of San Diego
"18 01 HARVARD DEF vs USD OFF NEW, Play 038",R,2,PYTHON,University of San Diego
"18 01 HARVARD DEF vs USD OFF NEW, Play 039",R,2,DOME,University of San Diego
"18 01 HARVARD DEF vs USD OFF NEW, Play 041",P,45,DOME,University of San Diego
"18 01 HARVARD DEF vs USD OFF NEW, Play 042",P,2,TORO,University of San Diego
"18 01 HARVARD DEF vs USD OFF NEW, Play 043",P,0,PYTHON,University of San Diego
"18 01 HARVARD DEF vs USD OFF NEW, Play 044",P,0,COKE,University of San Diego
"18 01 HARVARD DEF vs USD OFF NEW, Play 045",R,2,DOME,University of San Diego
"18 01 HARVARD DEF vs USD OFF NEW, Play 046",R,4,RATTLER,University of San Diego
"18 01 HARVARD DEF vs USD OFF NEW, Play 047",P,4,FREEDOM,University of San Diego
"18 01 HARVARD DEF vs USD OFF NEW, Play 048",P,19,FLANK,University of San Diego
"18 01 HARVARD DEF vs USD OFF NEW, Play 049",R,4,DOME,University of San Diego
"18 01 HARVARD DEF vs USD OFF NEW, Play 050",P,0,PYTHON,University of San Diego
"18 01 HARVARD DEF vs USD OFF NEW, Play 051",P,1,SALUTE,University of San Diego
"18 01 HARVARD DEF vs USD OFF NEW, Play 052",P,37,TORO,University of San Diego
"18 01 HARVARD DEF vs USD OFF NEW, Play 053",R,0,TORO,University of San Diego
"18 01 HARVARD DEF vs USD OFF NEW, Play 054",R,13,PYTHON,University of San Diego
"18 01 HARVARD DEF vs USD OFF NEW, Play 055",R,3,FREEDOM,University of San Diego
"18 01 HARVARD DEF vs USD OFF NEW, Play 056",P,0,DOME,University of San Diego
"18 01 HARVARD DEF vs USD OFF NEW, Play 057",P,0,TORO,University of San Diego
"18 01 HARVARD DEF vs USD OFF NEW, Play 058",P,0,SALUTE,University of San Diego
"18 01 HARVARD DEF vs USD OFF NEW, Play 059",P,30,TORO,University of San Diego
"18 01 HARVARD DEF vs USD OFF NEW, Play 060",P,7,DOME,University of San Diego
"18 01 HARVARD DEF vs USD OFF NEW, Play 061",P,6,TORO,University of San Diego
"18 01 HARVARD DEF vs USD OFF NEW, Play 062",P,0,TORO,University of San Diego
"18 01 HARVARD DEF vs USD OFF NEW, Play 063",R,0,FREEDOM,University of San Diego
"18 01 HARVARD DEF vs USD OFF NEW, Play 064",P,0,BLADE,University of San Diego
"18 01 HARVARD DEF vs USD OFF NEW, Play 065",P,0,COKE,University of San Diego
"18 01 HARVARD DEF vs USD OFF NEW, Play 066",P,3,RATTLER,University of San Diego
"18 01 HARVARD DEF vs USD OFF NEW, Play 067",P,11,FREEDOM,University of San Diego
"18 01 HARVARD DEF vs USD OFF NEW, Play 068",P,7,FREEDOM,University of San Diego
"18 01 HARVARD DEF vs USD OFF NEW, Play 069",P,0,BLADE,University of San Diego
"18 01 HARVARD DEF vs USD OFF NEW, Play 070",R,7,SALUTE,University of San Diego
"18 01 HARVARD DEF vs USD OFF NEW, Play 071",P,3,BIFF,University of San Diego
"18 01 HARVARD DEF vs USD OFF NEW, Play 072",P,0,7,University of San Diego
"18 01 HARVARD DEF vs USD OFF NEW, Play 073",P,0,BLADE,University of San Diego
"18 01 HARVARD DEF vs USD OFF NEW, Play 074",P,0,WEASEL,University of San Diego
"18 03 HARVARD DEF vs URI OFF NEW, Play 001",R,3,HILL,University of Rhode Island
"18 03 HARVARD DEF vs URI OFF NEW, Play 002",R,4,SPACE,University of Rhode Island
"18 03 HARVARD DEF vs URI OFF NEW, Play 003",P,3,SALUTE,University of Rhode Island
"18 03 HARVARD DEF vs URI OFF NEW, Play 004",R,1,HILL,University of Rhode Island
"18 03 HARVARD DEF vs URI OFF NEW, Play 005",R,1,DOME,University of Rhode Island
"18 03 HARVARD DEF vs URI OFF NEW, Play 006",P,-8,SALUTE,University of Rhode Island
"18 03 HARVARD DEF vs URI OFF NEW, Play 007",R,3,HILL,University of Rhode Island
"18 03 HARVARD DEF vs URI OFF NEW, Play 008",P,0,DOME,University of Rhode Island
"18 03 HARVARD DEF vs URI OFF NEW, Play 009",P,-2,BUC,University of Rhode Island
"18 03 HARVARD DEF vs URI OFF NEW, Play 010",R,-4,STRIPE,University of Rhode Island
"18 03 HARVARD DEF vs URI OFF NEW, Play 011",P,0,HILL,University of Rhode Island
"18 03 HARVARD DEF vs URI OFF NEW, Play 012",P,42,LINCOLN,University of Rhode Island
"18 03 HARVARD DEF vs URI OFF NEW, Play 013",P,0,12,University of Rhode Island
"18 03 HARVARD DEF vs URI OFF NEW, Play 014",R,5,HILL,University of Rhode Island
"18 03 HARVARD DEF vs URI OFF NEW, Play 015",R,10,HILL,University of Rhode Island
"18 03 HARVARD DEF vs URI OFF NEW, Play 016",R,0,SPACE,University of Rhode Island
"18 03 HARVARD DEF vs URI OFF NEW, Play 018",P,14,SPACE,University of Rhode Island
"18 03 HARVARD DEF vs URI OFF NEW, Play 020",R,2,HILL,University of Rhode Island
"18 03 HARVARD DEF vs URI OFF NEW, Play 021",R,0,STRIPE,University of Rhode Island
"18 03 HARVARD DEF vs URI OFF NEW, Play 022",P,0,HILL,University of Rhode Island
"18 03 HARVARD DEF vs URI OFF NEW, Play 023",P,12,HILL,University of Rhode Island
"18 03 HARVARD DEF vs URI OFF NEW, Play 024",P,4,STRIPE,University of Rhode Island
"18 03 HARVARD DEF vs URI OFF NEW, Play 025",P,37,HILL,University of Rhode Island
"18 03 HARVARD DEF vs URI OFF NEW, Play 026",R,0,HILL,University of Rhode Island
"18 03 HARVARD DEF vs URI OFF NEW, Play 027",P,45,HILL,University of Rhode Island
"18 03 HARVARD DEF vs URI OFF NEW, Play 028",R,4,HILL,University of Rhode Island
"18 03 HARVARD DEF vs URI OFF NEW, Play 029",P,15,STRIPE,University of Rhode Island
"18 03 HARVARD DEF vs URI OFF NEW, Play 030",R,0,SPACE,University of Rhode Island
"18 03 HARVARD DEF vs URI OFF NEW, Play 031",P,10,SPACE,University of Rhode Island
"18 03 HARVARD DEF vs URI OFF NEW, Play 032",R,0,HILL,University of Rhode Island
"18 03 HARVARD DEF vs URI OFF NEW, Play 033",P,6,SALUTE,University of Rhode Island
"18 03 HARVARD DEF vs URI OFF NEW, Play 034",P,9,SMACK,University of Rhode Island
"18 03 HARVARD DEF vs URI OFF NEW, Play 035",R,6,HILL,University of Rhode Island
"18 03 HARVARD DEF vs URI OFF NEW, Play 036",R,8,HILL,University of Rhode Island
"18 03 HARVARD DEF vs URI OFF NEW, Play 037",R,5,SPACE,University of Rhode Island
"18 03 HARVARD DEF vs URI OFF NEW, Play 038",R,4,HILL,University of Rhode Island
"18 03 HARVARD DEF vs URI OFF NEW, Play 039",R,0,HILL,University of Rhode Island
"18 03 HARVARD DEF vs URI OFF NEW, Play 041",R,0,HILL,University of Rhode Island
"18 03 HARVARD DEF vs URI OFF NEW, Play 042",P,0,STRIPE,University of Rhode Island
"18 03 HARVARD DEF vs URI OFF NEW, Play 043",P,0,SALUTE,University of Rhode Island
"18 03 HARVARD DEF vs URI OFF NEW, Play 044",R,4,SPACE,University of Rhode Island
"18 03 HARVARD DEF vs URI OFF NEW, Play 045",R,2,HILL,University of Rhode Island
"18 03 HARVARD DEF vs URI OFF NEW, Play 046",P,-9,STRIPE,University of Rhode Island
"18 03 HARVARD DEF vs URI OFF NEW, Play 047",R,4,HILL,University of Rhode Island
"18 03 HARVARD DEF vs URI OFF NEW, Play 048",P,0,HILL,University of Rhode Island
"18 03 HARVARD DEF vs URI OFF NEW, Play 049",P,4,SWITCH BLADE,University of Rhode Island
"18 03 HARVARD DEF vs URI OFF NEW, Play 050",R,24,STRIPE,University of Rhode Island
"18 03 HARVARD DEF vs URI OFF NEW, Play 051",R,0,HILL,University of Rhode Island
"18 03 HARVARD DEF vs URI OFF NEW, Play 052",R,4,HILL,University of Rhode Island
"18 03 HARVARD DEF vs URI OFF NEW, Play 053",P,-13,SMACK,University of Rhode Island
"18 03 HARVARD DEF vs URI OFF NEW, Play 054",R,1,HILL,University of Rhode Island
"18 03 HARVARD DEF vs URI OFF NEW, Play 055",R,1,HILL,University of Rhode Island
"18 03 HARVARD DEF vs URI OFF NEW, Play 056",P,0,SALUTE,University of Rhode Island
"18 03 HARVARD DEF vs URI OFF NEW, Play 057",R,2,HILL,University of Rhode Island
"18 03 HARVARD DEF vs URI OFF NEW, Play 058",P,0,HILL,University of Rhode Island
"18 03 HARVARD DEF vs URI OFF NEW, Play 059",R,1,HILL,University of Rhode Island
"18 03 HARVARD DEF vs URI OFF NEW, Play 060",R,1,HILL,University of Rhode Island
"18 03 HARVARD DEF vs URI OFF NEW, Play 061",R,-3,HILL,University of Rhode Island
"18 03 HARVARD DEF vs URI OFF NEW, Play 062",R,-2,SKY,University of Rhode Island
"18 04 HARVARD DEF vs CORNELL OFF, Play 001",R,3,HILL,Cornell University
"18 04 HARVARD DEF vs CORNELL OFF, Play 002",R,2,REBEL,Cornell University
"18 04 HARVARD DEF vs CORNELL OFF, Play 004",P,5,SKY,Cornell University
"18 04 HARVARD DEF vs CORNELL OFF, Play 005",R,6,HILL,Cornell University
"18 04 HARVARD DEF vs CORNELL OFF, Play 006",R,12,HILL,Cornell University
"18 04 HARVARD DEF vs CORNELL OFF, Play 007",R,2,REBEL,Cornell University
"18 04 HARVARD DEF vs CORNELL OFF, Play 008",R,0,HILL,Cornell University
"18 04 HARVARD DEF vs CORNELL OFF, Play 009",P,2,WHACK,Cornell University
"18 04 HARVARD DEF vs CORNELL OFF, Play 010",P,11,REBEL,Cornell University
"18 04 HARVARD DEF vs CORNELL OFF, Play 011",R,6,HILL,Cornell University
"18 04 HARVARD DEF vs CORNELL OFF, Play 012",R,5,HILL,Cornell University
"18 04 HARVARD DEF vs CORNELL OFF, Play 013",R,1,REBEL,Cornell University
"18 04 HARVARD DEF vs CORNELL OFF, Play 014",R,6,SPACE,Cornell University
"18 04 HARVARD DEF vs CORNELL OFF, Play 015",R,-2,REBEL,Cornell University
"18 04 HARVARD DEF vs CORNELL OFF, Play 016",R,1,HILL,Cornell University
"18 04 HARVARD DEF vs CORNELL OFF, Play 017",R,-1,REBEL,Cornell University
"18 04 HARVARD DEF vs CORNELL OFF, Play 018",P,0,BUC,Cornell University
"18 04 HARVARD DEF vs CORNELL OFF, Play 019",P,6,REBEL,Cornell University
"18 04 HARVARD DEF vs CORNELL OFF, Play 020",R,17,HILL,Cornell University
"18 04 HARVARD DEF vs CORNELL OFF, Play 021",R,6,HILL,Cornell University
"18 04 HARVARD DEF vs CORNELL OFF, Play 022",P,0,HILL,Cornell University
"18 04 HARVARD DEF vs CORNELL OFF, Play 023",R,12,HILL,Cornell University
"18 04 HARVARD DEF vs CORNELL OFF, Play 024",R,-4,HILL,Cornell University
"18 04 HARVARD DEF vs CORNELL OFF, Play 025",P,-1,SPACE,Cornell University
"18 04 HARVARD DEF vs CORNELL OFF, Play 026",R,12,SKY,Cornell University
"18 04 HARVARD DEF vs CORNELL OFF, Play 027",P,26,SPACE,Cornell University
"18 04 HARVARD DEF vs CORNELL OFF, Play 028",P,0,REBEL,Cornell University
"18 04 HARVARD DEF vs CORNELL OFF, Play 029",P,0,REBEL,Cornell University
"18 04 HARVARD DEF vs CORNELL OFF, Play 030",P,0,SALUTE,Cornell University
"18 04 HARVARD DEF vs CORNELL OFF, Play 031",P,-9,WHACK,Cornell University
"18 04 HARVARD DEF vs CORNELL OFF, Play 032",R,4,REBEL,Cornell University
"18 04 HARVARD DEF vs CORNELL OFF, Play 033",R,3,HILL,Cornell University
"18 04 HARVARD DEF vs CORNELL OFF, Play 034",R,0,REBEL,Cornell University
"18 04 HARVARD DEF vs CORNELL OFF, Play 035",R,45,SPACE,Cornell University
"18 04 HARVARD DEF vs CORNELL OFF, Play 036",R,-2,HILL,Cornell University
"18 04 HARVARD DEF vs CORNELL OFF, Play 037",R,32,HILL,Cornell University
"18 04 HARVARD DEF vs CORNELL OFF, Play 038",R,-2,HILL,Cornell University
"18 04 HARVARD DEF vs CORNELL OFF, Play 039",R,1,HILL,Cornell University
"18 04 HARVARD DEF vs CORNELL OFF, Play 040",P,6,WEASEL,Cornell University
"18 04 HARVARD DEF vs CORNELL OFF, Play 041",R,0,HILL,Cornell University
"18 04 HARVARD DEF vs CORNELL OFF, Play 042",R,15,REBEL,Cornell University
"18 04 HARVARD DEF vs CORNELL OFF, Play 043",R,1,HILL,Cornell University
"18 04 HARVARD DEF vs CORNELL OFF, Play 044",R,0,REBEL,Cornell University
"18 04 HARVARD DEF vs CORNELL OFF, Play 045",P,0,REBEL,Cornell University
"18 04 HARVARD DEF vs CORNELL OFF, Play 046",R,6,HILL,Cornell University
"18 04 HARVARD DEF vs CORNELL OFF, Play 047",P,10,HILL,Cornell University
"18 04 HARVARD DEF vs CORNELL OFF, Play 048",R,3,HILL,Cornell University
"18 04 HARVARD DEF vs CORNELL OFF, Play 049",R,-1,REBEL,Cornell University
"18 04 HARVARD DEF vs CORNELL OFF, Play 050",P,10,QUAKE,Cornell University
"18 04 HARVARD DEF vs CORNELL OFF, Play 051",P,13,HILL,Cornell University
"18 04 HARVARD DEF vs CORNELL OFF, Play 052",R,34,HILL,Cornell University
"18 04 HARVARD DEF vs CORNELL OFF, Play 053",R,5,HILL,Cornell University
"18 04 HARVARD DEF vs CORNELL OFF, Play 054",R,12,HILL,Cornell University
"18 04 HARVARD DEF vs CORNELL OFF, Play 055",R,13,HILL,Cornell University
"18 04 HARVARD DEF vs CORNELL OFF, Play 056",P,33,REBEL,Cornell University
"18 04 HARVARD DEF vs CORNELL OFF, Play 057",R,0,HILL,Cornell University
"18 04 HARVARD DEF vs CORNELL OFF, Play 058",R,4,HILL,Cornell University
"18 04 HARVARD DEF vs CORNELL OFF, Play 059",R,0,HILL,Cornell University
"18 05 HARVARD DEFvs HOLY CROSS OFF, Play 001",R,6,DOME,Holy Cross University
"18 05 HARVARD DEFvs HOLY CROSS OFF, Play 002",R,7,DOME,Holy Cross University
"18 05 HARVARD DEFvs HOLY CROSS OFF, Play 003",R,3,MUSKET,Holy Cross University
"18 05 HARVARD DEFvs HOLY CROSS OFF, Play 004",P,6,DOME,Holy Cross University
"18 05 HARVARD DEFvs HOLY CROSS OFF, Play 005",R,-1,HILL,Holy Cross University
"18 05 HARVARD DEFvs HOLY CROSS OFF, Play 006",R,9,DOME,Holy Cross University
"18 05 HARVARD DEFvs HOLY CROSS OFF, Play 007",R,9,MUSKET,Holy Cross University
"18 05 HARVARD DEFvs HOLY CROSS OFF, Play 008",R,-2,DOME,Holy Cross University
"18 05 HARVARD DEFvs HOLY CROSS OFF, Play 009",P,-1,DOME,Holy Cross University
"18 05 HARVARD DEFvs HOLY CROSS OFF, Play 010",P,0,SALUTE,Holy Cross University
"18 05 HARVARD DEFvs HOLY CROSS OFF, Play 011",R,14,HILL,Holy Cross University
"18 05 HARVARD DEFvs HOLY CROSS OFF, Play 012",R,3,HILL,Holy Cross University
"18 05 HARVARD DEFvs HOLY CROSS OFF, Play 013",P,-1,HILL,Holy Cross University
"18 05 HARVARD DEFvs HOLY CROSS OFF, Play 014",P,2,WEASEL,Holy Cross University
"18 05 HARVARD DEFvs HOLY CROSS OFF, Play 015",P,16,DOME,Holy Cross University
"18 05 HARVARD DEFvs HOLY CROSS OFF, Play 016",R,49,DOME,Holy Cross University
"18 05 HARVARD DEFvs HOLY CROSS OFF, Play 017",R,4,DOME,Holy Cross University
"18 05 HARVARD DEFvs HOLY CROSS OFF, Play 018",R,-4,REBEL,Holy Cross University
"18 05 HARVARD DEFvs HOLY CROSS OFF, Play 019",P,19,SKY,Holy Cross University
"18 05 HARVARD DEFvs HOLY CROSS OFF, Play 020",P,0,MUSKET,Holy Cross University
"18 05 HARVARD DEFvs HOLY CROSS OFF, Play 021",P,0,DOME,Holy Cross University
"18 05 HARVARD DEFvs HOLY CROSS OFF, Play 023",P,10,12,Holy Cross University
"18 05 HARVARD DEFvs HOLY CROSS OFF, Play 024",P,11,DOME,Holy Cross University
"18 05 HARVARD DEFvs HOLY CROSS OFF, Play 025",R,-2,MUSKET,Holy Cross University
"18 05 HARVARD DEFvs HOLY CROSS OFF, Play 026",R,9,HILL,Holy Cross University
"18 05 HARVARD DEFvs HOLY CROSS OFF, Play 027",R,4,HILL,Holy Cross University
"18 05 HARVARD DEFvs HOLY CROSS OFF, Play 028",P,2,HILL,Holy Cross University
"18 05 HARVARD DEFvs HOLY CROSS OFF, Play 029",R,4,REBEL,Holy Cross University
"18 05 HARVARD DEFvs HOLY CROSS OFF, Play 030",P,-7,BLADE,Holy Cross University
"18 05 HARVARD DEFvs HOLY CROSS OFF, Play 032",P,-3,REBEL,Holy Cross University
"18 05 HARVARD DEFvs HOLY CROSS OFF, Play 033",R,0,HILL,Holy Cross University
"18 05 HARVARD DEFvs HOLY CROSS OFF, Play 034",P,23,SKY,Holy Cross University
"18 05 HARVARD DEFvs HOLY CROSS OFF, Play 035",P,0,MUSKET,Holy Cross University
"18 05 HARVARD DEFvs HOLY CROSS OFF, Play 036",P,0,BLADE,Holy Cross University
"18 05 HARVARD DEFvs HOLY CROSS OFF, Play 037",P,5,SALUTE,Holy Cross University
"18 05 HARVARD DEFvs HOLY CROSS OFF, Play 038",P,61,MUSKET,Holy Cross University
"18 05 HARVARD DEFvs HOLY CROSS OFF, Play 039",R,5,MUSKET,Holy Cross University
"18 05 HARVARD DEFvs HOLY CROSS OFF, Play 040",R,7,CHARGER,Holy Cross University
"18 05 HARVARD DEFvs HOLY CROSS OFF, Play 041",R,2,CHARGER,Holy Cross University
"18 05 HARVARD DEFvs HOLY CROSS OFF, Play 042",R,4,HILL,Holy Cross University
"18 05 HARVARD DEFvs HOLY CROSS OFF, Play 043",P,-11,REBEL,Holy Cross University
"18 05 HARVARD DEFvs HOLY CROSS OFF, Play 044",P,11,MUSKET,Holy Cross University
"18 05 HARVARD DEFvs HOLY CROSS OFF, Play 045",R,4,MUSKET,Holy Cross University
"18 05 HARVARD DEFvs HOLY CROSS OFF, Play 046",P,0,REBEL,Holy Cross University
"18 05 HARVARD DEFvs HOLY CROSS OFF, Play 047",P,11,SALUTE,Holy Cross University
"18 05 HARVARD DEFvs HOLY CROSS OFF, Play 048",P,2,DOME,Holy Cross University
"18 05 HARVARD DEFvs HOLY CROSS OFF, Play 050",P,20,HILL,Holy Cross University
"18 05 HARVARD DEFvs HOLY CROSS OFF, Play 051",R,7,HILL,Holy Cross University
"18 05 HARVARD DEFvs HOLY CROSS OFF, Play 052",R,1,REBEL,Holy Cross University
"18 05 HARVARD DEFvs HOLY CROSS OFF, Play 053",R,24,CHARGER,Holy Cross University
"18 05 HARVARD DEFvs HOLY CROSS OFF, Play 054",P,3,CHARGER,Holy Cross University
"18 05 HARVARD DEFvs HOLY CROSS OFF, Play 055",R,3,HILL,Holy Cross University
"18 05 HARVARD DEFvs HOLY CROSS OFF, Play 056",R,1,REBEL,Holy Cross University
"18 05 HARVARD DEFvs HOLY CROSS OFF, Play 057",P,9,RACK,Holy Cross University
"18 05 HARVARD DEFvs HOLY CROSS OFF, Play 058",R,1,HILL,Holy Cross University
"18 05 HARVARD DEFvs HOLY CROSS OFF, Play 059",P,4,HILL,Holy Cross University
"18 05 HARVARD DEFvs HOLY CROSS OFF, Play 060",P,-6,SALUTE,Holy Cross University
"18 05 HARVARD DEFvs HOLY CROSS OFF, Play 061",R,13,BLADE,Holy Cross University
"18 05 HARVARD DEFvs HOLY CROSS OFF, Play 062",R,0,HILL,Holy Cross University
"18 05 HARVARD DEFvs HOLY CROSS OFF, Play 063",R,-6,HILL,Holy Cross University
"18 05 HARVARD DEFvs HOLY CROSS OFF, Play 064",R,1,SKY,Holy Cross University
"18 06 HARVARD DEF vs PRINCETON O, Play 001",R,-1,STRIPE,Princeton University
"18 06 HARVARD DEF vs PRINCETON O, Play 002",P,0,DOME,Princeton University
"18 06 HARVARD DEF vs PRINCETON O, Play 003",P,13,SALUTE,Princeton University
"18 06 HARVARD DEF vs PRINCETON O, Play 004",R,4,DOME,Princeton University
"18 06 HARVARD DEF vs PRINCETON O, Play 005",P,10,STRIPE,Princeton University
"18 06 HARVARD DEF vs PRINCETON O, Play 006",P,8,DOME,Princeton University
"18 06 HARVARD DEF vs PRINCETON O, Play 007",R,0,DOME,Princeton University
"18 06 HARVARD DEF vs PRINCETON O, Play 008",R,1,CHARGER,Princeton University
"18 06 HARVARD DEF vs PRINCETON O, Play 009",P,33,CHARGER,Princeton University
"18 06 HARVARD DEF vs PRINCETON O, Play 010",R,-1,DOME,Princeton University
"18 06 HARVARD DEF vs PRINCETON O, Play 011",R,5,STRIPE,Princeton University
"18 06 HARVARD DEF vs PRINCETON O, Play 012",P,4,DOME,Princeton University
"18 06 HARVARD DEF vs PRINCETON O, Play 013",R,4,CHARGER,Princeton University
"18 06 HARVARD DEF vs PRINCETON O, Play 014",P,6,DOME,Princeton University
"18 06 HARVARD DEF vs PRINCETON O, Play 016",R,3,DOME,Princeton University
"18 06 HARVARD DEF vs PRINCETON O, Play 017",P,9,12,Princeton University
"18 06 HARVARD DEF vs PRINCETON O, Play 018",R,2,DOME,Princeton University
"18 06 HARVARD DEF vs PRINCETON O, Play 019",P,7,STRIPE,Princeton University
"18 06 HARVARD DEF vs PRINCETON O, Play 020",R,7,CHARGER,Princeton University
"18 06 HARVARD DEF vs PRINCETON O, Play 021",R,3,DOME,Princeton University
"18 06 HARVARD DEF vs PRINCETON O, Play 022",P,0,DOME,Princeton University
"18 06 HARVARD DEF vs PRINCETON O, Play 023",P,0,DOME,Princeton University
"18 06 HARVARD DEF vs PRINCETON O, Play 024",P,10,STRIPE,Princeton University
"18 06 HARVARD DEF vs PRINCETON O, Play 025",R,3,DOME,Princeton University
"18 06 HARVARD DEF vs PRINCETON O, Play 026",P,49,STRIPE,Princeton University
"18 06 HARVARD DEF vs PRINCETON O, Play 027",R,7,DOME,Princeton University
"18 06 HARVARD DEF vs PRINCETON O, Play 028",R,3,DOME,Princeton University
"18 06 HARVARD DEF vs PRINCETON O, Play 029",R,1,CHARGER,Princeton University
"18 06 HARVARD DEF vs PRINCETON O, Play 030",P,0,CHARGER,Princeton University
"18 06 HARVARD DEF vs PRINCETON O, Play 031",P,0,7,Princeton University
"18 06 HARVARD DEF vs PRINCETON O, Play 032",R,2,DOME,Princeton University
"18 06 HARVARD DEF vs PRINCETON O, Play 033",R,0,DOME,Princeton University
"18 06 HARVARD DEF vs PRINCETON O, Play 034",P,0,CLOUD,Princeton University
"18 06 HARVARD DEF vs PRINCETON O, Play 035",R,2,CLOUD,Princeton University
"18 06 HARVARD DEF vs PRINCETON O, Play 036",P,5,SKY,Princeton University
"18 06 HARVARD DEF vs PRINCETON O, Play 037",P,11,STRIPE,Princeton University
"18 06 HARVARD DEF vs PRINCETON O, Play 038",P,0,WEASEL,Princeton University
"18 06 HARVARD DEF vs PRINCETON O, Play 039",P,12,DOME,Princeton University
"18 06 HARVARD DEF vs PRINCETON O, Play 040",R,3,DOME,Princeton University
"18 06 HARVARD DEF vs PRINCETON O, Play 041",P,0,STRIPE,Princeton University
"18 06 HARVARD DEF vs PRINCETON O, Play 042",P,0,DOME,Princeton University
"18 06 HARVARD DEF vs PRINCETON O, Play 043",R,4,STRIPE,Princeton University
"18 06 HARVARD DEF vs PRINCETON O, Play 044",R,1,DOME,Princeton University
"18 06 HARVARD DEF vs PRINCETON O, Play 045",P,7,SALUTE,Princeton University
"18 06 HARVARD DEF vs PRINCETON O, Play 047",P,0,DOME,Princeton University
"18 06 HARVARD DEF vs PRINCETON O, Play 048",P,-9,DOME,Princeton University
"18 06 HARVARD DEF vs PRINCETON O, Play 049",P,0,12,Princeton University
"18 06 HARVARD DEF vs PRINCETON O, Play 050",P,5,DOME,Princeton University
"18 06 HARVARD DEF vs PRINCETON O, Play 051",R,2,STRIPE,Princeton University
"18 06 HARVARD DEF vs PRINCETON O, Play 052",P,28,SALUTE,Princeton University
"18 06 HARVARD DEF vs PRINCETON O, Play 053",R,0,DOME,Princeton University
"18 06 HARVARD DEF vs PRINCETON O, Play 054",R,1,STRIPE,Princeton University
"18 06 HARVARD DEF vs PRINCETON O, Play 055",R,-7,WEASEL,Princeton University
"18 06 HARVARD DEF vs PRINCETON O, Play 056",R,26,STRIPE,Princeton University
"18 06 HARVARD DEF vs PRINCETON O, Play 057",P,0,DOME,Princeton University
"18 06 HARVARD DEF vs PRINCETON O, Play 058",P,0,STRIPE,Princeton University
"18 06 HARVARD DEF vs PRINCETON O, Play 059",R,6,COKE,Princeton University
"18 06 HARVARD DEF vs PRINCETON O, Play 060",P,0,STRIPE,Princeton University
"18 06 HARVARD DEF vs PRINCETON O, Play 061",P,20,DOME,Princeton University
"18 06 HARVARD DEF vs PRINCETON O, Play 062",P,-8,STRIPE,Princeton University
"18 06 HARVARD DEF vs PRINCETON O, Play 063",P,0,DOME,Princeton University
"18 06 HARVARD DEF vs PRINCETON O, Play 064",P,0,DOME,Princeton University
"18 06 HARVARD DEF vs PRINCETON O, Play 065",R,2,DOME,Princeton University
"18 06 HARVARD DEF vs PRINCETON O, Play 066",P,0,DOME,Princeton University
"18 06 HARVARD DEF vs PRINCETON O, Play 067",R,8,SKY,Princeton University
"18 06 HARVARD DEF vs PRINCETON O, Play 068",R,2,DOME,Princeton University
"18 06 HARVARD DEF vs PRINCETON O, Play 069",P,2,DOME,Princeton University
"18 06 HARVARD DEF vs PRINCETON O, Play 070",R,5,STRIPE,Princeton University
"18 06 HARVARD DEF vs PRINCETON O, Play 071",R,4,CHARGER,Princeton University
"18 06 HARVARD DEF vs PRINCETON O, Play 072",R,1,CHARGER,Princeton University
"18 06 HARVARD DEF vs PRINCETON O, Play 073",P,0,CHARGER,Princeton University
"18 06 HARVARD DEF vs PRINCETON O, Play 074",R,1,DOME,Princeton University
"18 06 HARVARD DEF vs PRINCETON O, Play 075",R,49,DOME,Princeton University
"18 07 HARVARD DEF vs DARTMOUTH OFF, Play 001",R,0,DOME,Dartmouth University
"18 07 HARVARD DEF vs DARTMOUTH OFF, Play 002",R,82,DOME,Dartmouth University
"18 07 HARVARD DEF vs DARTMOUTH OFF, Play 003",R,2,DOME,Dartmouth University
"18 07 HARVARD DEF vs DARTMOUTH OFF, Play 004",R,17,DOME,Dartmouth University
"18 07 HARVARD DEF vs DARTMOUTH OFF, Play 005",R,4,DOME,Dartmouth University
"18 07 HARVARD DEF vs DARTMOUTH OFF, Play 006",P,0,DOME,Dartmouth University
"18 07 HARVARD DEF vs DARTMOUTH OFF, Play 007",P,0,DOME,Dartmouth University
"18 07 HARVARD DEF vs DARTMOUTH OFF, Play 008",R,3,DOME,Dartmouth University
"18 07 HARVARD DEF vs DARTMOUTH OFF, Play 009",R,-1,DOME,Dartmouth University
"18 07 HARVARD DEF vs DARTMOUTH OFF, Play 010",R,7,DOME,Dartmouth University
"18 07 HARVARD DEF vs DARTMOUTH OFF, Play 012",P,5,DOME,Dartmouth University
"18 07 HARVARD DEF vs DARTMOUTH OFF, Play 013",R,7,DOME,Dartmouth University
"18 07 HARVARD DEF vs DARTMOUTH OFF, Play 014",R,10,DOME,Dartmouth University
"18 07 HARVARD DEF vs DARTMOUTH OFF, Play 016",P,3,SCRATCH,Dartmouth University
"18 07 HARVARD DEF vs DARTMOUTH OFF, Play 017",R,26,DOME,Dartmouth University
"18 07 HARVARD DEF vs DARTMOUTH OFF, Play 018",R,4,DOME,Dartmouth University
"18 07 HARVARD DEF vs DARTMOUTH OFF, Play 019",R,7,DOME,Dartmouth University
"18 07 HARVARD DEF vs DARTMOUTH OFF, Play 020",R,-5,DOME,Dartmouth University
"18 07 HARVARD DEF vs DARTMOUTH OFF, Play 021",R,16,DOME,Dartmouth University
"18 07 HARVARD DEF vs DARTMOUTH OFF, Play 022",R,6,DOME,Dartmouth University
"18 07 HARVARD DEF vs DARTMOUTH OFF, Play 023",R,20,DOME,Dartmouth University
"18 07 HARVARD DEF vs DARTMOUTH OFF, Play 024",R,0,DOME,Dartmouth University
"18 07 HARVARD DEF vs DARTMOUTH OFF, Play 025",R,6,DOME,Dartmouth University
"18 07 HARVARD DEF vs DARTMOUTH OFF, Play 026",R,7,DOME,Dartmouth University
"18 07 HARVARD DEF vs DARTMOUTH OFF, Play 027",P,9,12,Dartmouth University
"18 07 HARVARD DEF vs DARTMOUTH OFF, Play 029",R,7,DOME,Dartmouth University
"18 07 HARVARD DEF vs DARTMOUTH OFF, Play 030",R,2,DOME,Dartmouth University
"18 07 HARVARD DEF vs DARTMOUTH OFF, Play 031",R,3,DOME,Dartmouth University
"18 07 HARVARD DEF vs DARTMOUTH OFF, Play 032",P,0,DOME,Dartmouth University
"18 07 HARVARD DEF vs DARTMOUTH OFF, Play 033",R,-2,DOME,Dartmouth University
"18 07 HARVARD DEF vs DARTMOUTH OFF, Play 034",R,1,DOME,Dartmouth University
"18 07 HARVARD DEF vs DARTMOUTH OFF, Play 035",P,0,DOME,Dartmouth University
"18 07 HARVARD DEF vs DARTMOUTH OFF, Play 036",R,6,DOME,Dartmouth University
"18 07 HARVARD DEF vs DARTMOUTH OFF, Play 037",P,14,SALUTE,Dartmouth University
"18 07 HARVARD DEF vs DARTMOUTH OFF, Play 038",R,-1,DOME,Dartmouth University
"18 07 HARVARD DEF vs DARTMOUTH OFF, Play 039",R,30,PEAK,Dartmouth University
"18 07 HARVARD DEF vs DARTMOUTH OFF, Play 040",R,2,DOME,Dartmouth University
"18 07 HARVARD DEF vs DARTMOUTH OFF, Play 041",R,2,DOME,Dartmouth University
"18 07 HARVARD DEF vs DARTMOUTH OFF, Play 042",R,0,DOME,Dartmouth University
"18 07 HARVARD DEF vs DARTMOUTH OFF, Play 043",R,7,DOME,Dartmouth University
"18 07 HARVARD DEF vs DARTMOUTH OFF, Play 044",R,4,DOME,Dartmouth University
"18 07 HARVARD DEF vs DARTMOUTH OFF, Play 045",R,-3,DOME,Dartmouth University
"18 07 HARVARD DEF vs DARTMOUTH OFF, Play 047",R,36,DOME,Dartmouth University
"18 07 HARVARD DEF vs DARTMOUTH OFF, Play 048",P,0,DOME,Dartmouth University
"18 07 HARVARD DEF vs DARTMOUTH OFF, Play 049",R,5,DOME,Dartmouth University
"18 07 HARVARD DEF vs DARTMOUTH OFF, Play 050",R,4,SALUTE,Dartmouth University
"18 07 HARVARD DEF vs DARTMOUTH OFF, Play 051",R,2,TILT,Dartmouth University
"18 07 HARVARD DEF vs DARTMOUTH OFF, Play 052",R,3,DOME,Dartmouth University
"18 07 HARVARD DEF vs DARTMOUTH OFF, Play 053",R,1,DOME,Dartmouth University
"18 07 HARVARD DEF vs DARTMOUTH OFF, Play 054",P,0,DOME,Dartmouth University
"18 07 HARVARD DEF vs DARTMOUTH OFF, Play 055",R,3,DOME,Dartmouth University
"18 07 HARVARD DEF vs DARTMOUTH OFF, Play 056",R,0,PEAK,Dartmouth University
"18 07 HARVARD DEF vs DARTMOUTH OFF, Play 057",P,2,DOME,Dartmouth University
"18 07 HARVARD DEF vs DARTMOUTH OFF, Play 058",R,5,DOME,Dartmouth University
"18 07 HARVARD DEF vs DARTMOUTH OFF, Play 059",R,1,DOME,Dartmouth University
"18 07 HARVARD DEF vs DARTMOUTH OFF, Play 060",R,9,DOME,Dartmouth University
"18 08 HARVARD DEF vs. COLUMBIA OFF, Play 001",R,2,DOME,Columbia University
"18 08 HARVARD DEF vs. COLUMBIA OFF, Play 002",P,13,DOME,Columbia University
"18 08 HARVARD DEF vs. COLUMBIA OFF, Play 003",R,-1,REBEL,Columbia University
"18 08 HARVARD DEF vs. COLUMBIA OFF, Play 004",R,6,SKY,Columbia University
"18 08 HARVARD DEF vs. COLUMBIA OFF, Play 005",R,2,REBEL,Columbia University
"18 08 HARVARD DEF vs. COLUMBIA OFF, Play 006",P,14,DOME,Columbia University
"18 08 HARVARD DEF vs. COLUMBIA OFF, Play 007",R,1,DOME,Columbia University
"18 08 HARVARD DEF vs. COLUMBIA OFF, Play 008",P,0,DOME,Columbia University
"18 08 HARVARD DEF vs. COLUMBIA OFF, Play 009",P,-3,ANTHEM,Columbia University
"18 08 HARVARD DEF vs. COLUMBIA OFF, Play 011",R,0,DOME,Columbia University
"18 08 HARVARD DEF vs. COLUMBIA OFF, Play 012",P,0,REBEL,Columbia University
"18 08 HARVARD DEF vs. COLUMBIA OFF, Play 013",P,2,WEASEL,Columbia University
"18 08 HARVARD DEF vs. COLUMBIA OFF, Play 014",R,11,ANTHEM,Columbia University
"18 08 HARVARD DEF vs. COLUMBIA OFF, Play 015",R,6,DOME,Columbia University
"18 08 HARVARD DEF vs. COLUMBIA OFF, Play 016",P,49,REBEL,Columbia University
"18 08 HARVARD DEF vs. COLUMBIA OFF, Play 017",P,2,BLADE,Columbia University
"18 08 HARVARD DEF vs. COLUMBIA OFF, Play 018",P,0,REBEL,Columbia University
"18 08 HARVARD DEF vs. COLUMBIA OFF, Play 019",P,0,DOME,Columbia University
"18 08 HARVARD DEF vs. COLUMBIA OFF, Play 020",P,6,SKY,Columbia University
"18 08 HARVARD DEF vs. COLUMBIA OFF, Play 021",P,0,SCRATCH,Columbia University
"18 08 HARVARD DEF vs. COLUMBIA OFF, Play 022",P,11,DOME,Columbia University
"18 08 HARVARD DEF vs. COLUMBIA OFF, Play 023",R,8,ANTHEM,Columbia University
"18 08 HARVARD DEF vs. COLUMBIA OFF, Play 024",R,-1,DOME,Columbia University
"18 08 HARVARD DEF vs. COLUMBIA OFF, Play 025",P,0,MACHETE,Columbia University
"18 08 HARVARD DEF vs. COLUMBIA OFF, Play 026",P,0,DOME,Columbia University
"18 08 HARVARD DEF vs. COLUMBIA OFF, Play 027",R,10,REBEL,Columbia University
"18 08 HARVARD DEF vs. COLUMBIA OFF, Play 028",P,0,REBEL,Columbia University
"18 08 HARVARD DEF vs. COLUMBIA OFF, Play 029",R,-5,SKY,Columbia University
"18 08 HARVARD DEF vs. COLUMBIA OFF, Play 030",P,13,SKY,Columbia University
"18 08 HARVARD DEF vs. COLUMBIA OFF, Play 031",R,1,DOME,Columbia University
"18 08 HARVARD DEF vs. COLUMBIA OFF, Play 032",R,2,DOME,Columbia University
"18 08 HARVARD DEF vs. COLUMBIA OFF, Play 033",P,0,DOME,Columbia University
"18 08 HARVARD DEF vs. COLUMBIA OFF, Play 034",P,0,WEASEL,Columbia University
"18 08 HARVARD DEF vs. COLUMBIA OFF, Play 035",P,6,ANTHEM,Columbia University
"18 08 HARVARD DEF vs. COLUMBIA OFF, Play 036",P,23,DOME,Columbia University
"18 08 HARVARD DEF vs. COLUMBIA OFF, Play 037",R,1,STRAP,Columbia University
"18 08 HARVARD DEF vs. COLUMBIA OFF, Play 038",R,2,STRAP,Columbia University
"18 08 HARVARD DEF vs. COLUMBIA OFF, Play 039",R,4,REBEL,Columbia University
"18 08 HARVARD DEF vs. COLUMBIA OFF, Play 040",P,13,ANTHEM,Columbia University
"18 08 HARVARD DEF vs. COLUMBIA OFF, Play 041",R,0,DOME,Columbia University
"18 08 HARVARD DEF vs. COLUMBIA OFF, Play 042",P,12,SKY,Columbia University
"18 08 HARVARD DEF vs. COLUMBIA OFF, Play 043",P,0,DOME,Columbia University
"18 08 HARVARD DEF vs. COLUMBIA OFF, Play 044",P,23,SKY,Columbia University
"18 08 HARVARD DEF vs. COLUMBIA OFF, Play 045",P,-2,DOME,Columbia University
"18 08 HARVARD DEF vs. COLUMBIA OFF, Play 046",P,0,BUC,Columbia University
"18 08 HARVARD DEF vs. COLUMBIA OFF, Play 047",R,2,DOME,Columbia University
"18 08 HARVARD DEF vs. COLUMBIA OFF, Play 049",R,0,SKY,Columbia University
"18 08 HARVARD DEF vs. COLUMBIA OFF, Play 050",R,-1,REBEL,Columbia University
"18 08 HARVARD DEF vs. COLUMBIA OFF, Play 051",P,0,BUC,Columbia University
"18 08 HARVARD DEF vs. COLUMBIA OFF, Play 052",P,0,SKY,Columbia University
"18 08 HARVARD DEF vs. COLUMBIA OFF, Play 053",P,5,REBEL,Columbia University
"18 08 HARVARD DEF vs. COLUMBIA OFF, Play 054",P,-4,BLADE,Columbia University
"18 08 HARVARD DEF vs. COLUMBIA OFF, Play 056",R,6,DOME,Columbia University
"18 08 HARVARD DEF vs. COLUMBIA OFF, Play 057",P,0,DOME,Columbia University
"18 08 HARVARD DEF vs. COLUMBIA OFF, Play 058",P,0,SKY,Columbia University
"18 08 HARVARD DEF vs. COLUMBIA OFF, Play 059",P,4,12,Columbia University
"18 08 HARVARD DEF vs. COLUMBIA OFF, Play 060",R,10,DOME,Columbia University
"18 08 HARVARD DEF vs. COLUMBIA OFF, Play 061",P,0,ANTHEM,Columbia University
"18 08 HARVARD DEF vs. COLUMBIA OFF, Play 062",P,0,SKY,Columbia University
"18 08 HARVARD DEF vs. COLUMBIA OFF, Play 063",P,3,12,Columbia University
"18 08 HARVARD DEF vs. COLUMBIA OFF, Play 064",P,6,SKY,Columbia University
"18 08 HARVARD DEF vs. COLUMBIA OFF, Play 065",R,48,DOME,Columbia University
"18 08 HARVARD DEF vs. COLUMBIA OFF, Play 066",R,8,SKY,Columbia University
"18 08 HARVARD DEF vs. COLUMBIA OFF, Play 067",R,-1,SKY,Columbia University
"18 08 HARVARD DEF vs. COLUMBIA OFF, Play 068",P,20,DOME,Columbia University
"18 08 HARVARD DEF vs. COLUMBIA OFF, Play 069",R,-2,CHARGER,Columbia University
"18 08 HARVARD DEF vs. COLUMBIA OFF, Play 070",P,0,ANTHEM,Columbia University
"18 08 HARVARD DEF vs. COLUMBIA OFF, Play 071",R,0,BLADE,Columbia University
"18 08 HARVARD DEF vs. COLUMBIA OFF, Play 072",P,-7,REBEL,Columbia University
"18 08 HARVARD DEF vs. COLUMBIA OFF, Play 073",P,-7,12,Columbia University
"18 08 HARVARD DEF vs. COLUMBIA OFF, Play 074",P,7,DOME,Columbia University
"18 08 HARVARD DEF vs. COLUMBIA OFF, Play 075",P,0,REBEL,Columbia University
"18 08 HARVARD DEF vs. COLUMBIA OFF, Play 076",R,2,REBEL,Columbia University
"18 08 HARVARD DEF vs. COLUMBIA OFF, Play 077",R,0,REBEL,Columbia University
"18 08 HARVARD DEF vs. COLUMBIA OFF, Play 078",R,4,DOME,Columbia University
"18 08 HARVARD DEF vs. COLUMBIA OFF, Play 079",P,3,DOME,Columbia University
"18 08 HARVARD DEF vs. COLUMBIA OFF, Play 080",P,0,DOME,Columbia University
"18 09 HARVARD DEF vs PENN OFF, Play 001",P,0,DOME,University of Pennsylvania
"18 09 HARVARD DEF vs PENN OFF, Play 002",R,-1,SOLDIER,University of Pennsylvania
"18 09 HARVARD DEF vs PENN OFF, Play 003",P,5,SKY,University of Pennsylvania
"18 09 HARVARD DEF vs PENN OFF, Play 004",P,0,SOLDIER,University of Pennsylvania
"18 09 HARVARD DEF vs PENN OFF, Play 005",R,2,DOME,University of Pennsylvania
"18 09 HARVARD DEF vs PENN OFF, Play 006",R,11,SOLDIER,University of Pennsylvania
"18 09 HARVARD DEF vs PENN OFF, Play 007",R,1,DOME,University of Pennsylvania
"18 09 HARVARD DEF vs PENN OFF, Play 008",R,2,SKY,University of Pennsylvania
"18 09 HARVARD DEF vs PENN OFF, Play 009",P,10,SKY,University of Pennsylvania
"18 09 HARVARD DEF vs PENN OFF, Play 010",P,1,DOME,University of Pennsylvania
"18 09 HARVARD DEF vs PENN OFF, Play 011",P,32,SKY,University of Pennsylvania
"18 09 HARVARD DEF vs PENN OFF, Play 012",R,0,CHARGER,University of Pennsylvania
"18 09 HARVARD DEF vs PENN OFF, Play 013",R,0,CHARGER,University of Pennsylvania
"18 09 HARVARD DEF vs PENN OFF, Play 014",R,0,CHARGER,University of Pennsylvania
"18 09 HARVARD DEF vs PENN OFF, Play 015",P,0,CHARGER,University of Pennsylvania
"18 09 HARVARD DEF vs PENN OFF, Play 016",P,0,DOME,University of Pennsylvania
"18 09 HARVARD DEF vs PENN OFF, Play 017",R,6,SOLDIER,University of Pennsylvania
"18 09 HARVARD DEF vs PENN OFF, Play 018",P,3,SOLDIER,University of Pennsylvania
"18 09 HARVARD DEF vs PENN OFF, Play 019",R,0,SKY,University of Pennsylvania
"18 09 HARVARD DEF vs PENN OFF, Play 020",R,1,DOME,University of Pennsylvania
"18 09 HARVARD DEF vs PENN OFF, Play 021",R,1,BUC,University of Pennsylvania
"18 09 HARVARD DEF vs PENN OFF, Play 022",R,2,DOME,University of Pennsylvania
"18 09 HARVARD DEF vs PENN OFF, Play 023",P,18,DOME,University of Pennsylvania
"18 09 HARVARD DEF vs PENN OFF, Play 024",P,3,SOLDIER,University of Pennsylvania
"18 09 HARVARD DEF vs PENN OFF, Play 025",P,0,SOLDIER,University of Pennsylvania
"18 09 HARVARD DEF vs PENN OFF, Play 026",P,-3,12,University of Pennsylvania
"18 09 HARVARD DEF vs PENN OFF, Play 027",P,0,SOLDIER,University of Pennsylvania
"18 09 HARVARD DEF vs PENN OFF, Play 028",R,1,SKY,University of Pennsylvania
"18 09 HARVARD DEF vs PENN OFF, Play 029",P,0,SKY,University of Pennsylvania
"18 09 HARVARD DEF vs PENN OFF, Play 030",R,0,DOME,University of Pennsylvania
"18 09 HARVARD DEF vs PENN OFF, Play 032",P,10,DOME,University of Pennsylvania
"18 09 HARVARD DEF vs PENN OFF, Play 034",P,0,12,University of Pennsylvania
"18 09 HARVARD DEF vs PENN OFF, Play 035",R,1,SKY,University of Pennsylvania
"18 09 HARVARD DEF vs PENN OFF, Play 036",P,5,DOME,University of Pennsylvania
"18 09 HARVARD DEF vs PENN OFF, Play 037",R,4,SOLDIER,University of Pennsylvania
"18 09 HARVARD DEF vs PENN OFF, Play 038",P,0,DOME,University of Pennsylvania
"18 09 HARVARD DEF vs PENN OFF, Play 039",P,-15,SKY,University of Pennsylvania
"18 09 HARVARD DEF vs PENN OFF, Play 040",R,5,CROWN,University of Pennsylvania
"18 09 HARVARD DEF vs PENN OFF, Play 041",P,21,CROWN,University of Pennsylvania
"18 09 HARVARD DEF vs PENN OFF, Play 042",R,1,CROWN,University of Pennsylvania
"18 09 HARVARD DEF vs PENN OFF, Play 043",R,8,SOLDIER,University of Pennsylvania
"18 09 HARVARD DEF vs PENN OFF, Play 044",R,2,DOME,University of Pennsylvania
"18 09 HARVARD DEF vs PENN OFF, Play 045",P,0,BLADE,University of Pennsylvania
"18 09 HARVARD DEF vs PENN OFF, Play 046",R,-4,SKY,University of Pennsylvania
"18 09 HARVARD DEF vs PENN OFF, Play 047",P,20,SKY,University of Pennsylvania
"18 09 HARVARD DEF vs PENN OFF, Play 048",P,2,SOLDIER,University of Pennsylvania
"18 09 HARVARD DEF vs PENN OFF, Play 049",P,31,SKY,University of Pennsylvania
"18 09 HARVARD DEF vs PENN OFF, Play 050",R,3,SKY,University of Pennsylvania
"18 09 HARVARD DEF vs PENN OFF, Play 051",P,23,SKY,University of Pennsylvania
"18 09 HARVARD DEF vs PENN OFF, Play 052",P,-7,12,University of Pennsylvania
"18 09 HARVARD DEF vs PENN OFF, Play 053",R,4,WEASEL,University of Pennsylvania
"18 09 HARVARD DEF vs PENN OFF, Play 054",R,5,12,University of Pennsylvania
"18 10 HARVARD DEF vs YALE OFF, Play 001",R,-1,FREEDOM,Yale University
"18 10 HARVARD DEF vs YALE OFF, Play 002",P,11,MONSTAH,Yale University
"18 10 HARVARD DEF vs YALE OFF, Play 003",P,0,DOME,Yale University
"18 10 HARVARD DEF vs YALE OFF, Play 004",R,-6,SKY,Yale University
"18 10 HARVARD DEF vs YALE OFF, Play 005",P,0,12,Yale University
"18 10 HARVARD DEF vs YALE OFF, Play 006",P,11,DOME,Yale University
"18 10 HARVARD DEF vs YALE OFF, Play 007",R,13,SKY,Yale University
"18 10 HARVARD DEF vs YALE OFF, Play 008",P,9,MONSTAH,Yale University
"18 10 HARVARD DEF vs YALE OFF, Play 009",R,4,FREEDOM,Yale University
"18 10 HARVARD DEF vs YALE OFF, Play 010",P,0,SKY,Yale University
"18 10 HARVARD DEF vs YALE OFF, Play 011",P,0,SMACK,Yale University
"18 10 HARVARD DEF vs YALE OFF, Play 012",P,11,SKY,Yale University
"18 10 HARVARD DEF vs YALE OFF, Play 013",P,10,SKY,Yale University
"18 10 HARVARD DEF vs YALE OFF, Play 014",P,0,FREEDOM,Yale University
"18 10 HARVARD DEF vs YALE OFF, Play 015",R,0,CHARGER,Yale University
"18 10 HARVARD DEF vs YALE OFF, Play 016",R,3,CHARGER,Yale University
"18 10 HARVARD DEF vs YALE OFF, Play 017",P,-1,MONSTAH,Yale University
"18 10 HARVARD DEF vs YALE OFF, Play 018",P,0,SKY,Yale University
"18 10 HARVARD DEF vs YALE OFF, Play 019",P,0,WEASEL,Yale University
"18 10 HARVARD DEF vs YALE OFF, Play 020",R,2,DOME,Yale University
"18 10 HARVARD DEF vs YALE OFF, Play 021",P,8,DOME,Yale University
"18 10 HARVARD DEF vs YALE OFF, Play 022",R,-1,FREEDOM,Yale University
"18 10 HARVARD DEF vs YALE OFF, Play 023",P,15,MONSTAH,Yale University
"18 10 HARVARD DEF vs YALE OFF, Play 024",P,0,SKY,Yale University
"18 10 HARVARD DEF vs YALE OFF, Play 025",P,5,SMACK,Yale University
"18 10 HARVARD DEF vs YALE OFF, Play 026",P,0,BLADE,Yale University
"18 10 HARVARD DEF vs YALE OFF, Play 027",R,-4,SKY,Yale University
"18 10 HARVARD DEF vs YALE OFF, Play 028",P,0,SKY,Yale University
"18 10 HARVARD DEF vs YALE OFF, Play 029",P,13,12,Yale University
"18 10 HARVARD DEF vs YALE OFF, Play 030",R,6,DOME,Yale University
"18 10 HARVARD DEF vs YALE OFF, Play 031",R,33,FREEDOM,Yale University
"18 10 HARVARD DEF vs YALE OFF, Play 033",R,4,FREEDOM,Yale University
"18 10 HARVARD DEF vs YALE OFF, Play 034",P,16,SKY,Yale University
"18 10 HARVARD DEF vs YALE OFF, Play 035",R,-6,MONSTAH,Yale University
"18 10 HARVARD DEF vs YALE OFF, Play 036",P,22,MONSTAH,Yale University
"18 10 HARVARD DEF vs YALE OFF, Play 037",P,0,SKY,Yale University
"18 10 HARVARD DEF vs YALE OFF, Play 038",P,0,WEASEL,Yale University
"18 10 HARVARD DEF vs YALE OFF, Play 039",P,0,12,Yale University
"18 10 HARVARD DEF vs YALE OFF, Play 040",R,4,SKY,Yale University
"18 10 HARVARD DEF vs YALE OFF, Play 041",P,25,DOME,Yale University
"18 10 HARVARD DEF vs YALE OFF, Play 042",R,0,FREEDOM,Yale University
"18 10 HARVARD DEF vs YALE OFF, Play 043",P,48,MONSTAH,Yale University
"18 10 HARVARD DEF vs YALE OFF, Play 044",R,-6,CHARGER,Yale University
"18 10 HARVARD DEF vs YALE OFF, Play 045",P,0,FREEDOM,Yale University
"18 10 HARVARD DEF vs YALE OFF, Play 046",P,0,7,Yale University
"18 10 HARVARD DEF vs YALE OFF, Play 047",R,3,CHARGER,Yale University
"18 10 HARVARD DEF vs YALE OFF, Play 048",R,1,CHARGER,Yale University
"18 10 HARVARD DEF vs YALE OFF, Play 049",R,4,SKY,Yale University
"18 10 HARVARD DEF vs YALE OFF, Play 050",R,15,SMACK,Yale University
"18 10 HARVARD DEF vs YALE OFF, Play 051",P,48,DOME,Yale University
"18 10 HARVARD DEF vs YALE OFF, Play 052",P,-8,CHARGER,Yale University
"18 10 HARVARD DEF vs YALE OFF, Play 053",P,0,WEASEL,Yale University
"18 10 HARVARD DEF vs YALE OFF, Play 054",P,0,WEASEL,Yale University
"18 10 HARVARD DEF vs YALE OFF, Play 055",R,3,SKY,Yale University
"18 10 HARVARD DEF vs YALE OFF, Play 056",P,13,SKY,Yale University
"18 10 HARVARD DEF vs YALE OFF, Play 057",P,0,DOME,Yale University
"18 10 HARVARD DEF vs YALE OFF, Play 058",P,4,BLADE,Yale University
"18 10 HARVARD DEF vs YALE OFF, Play 059",P,12,SHADE,Yale University
"18 10 HARVARD DEF vs YALE OFF, Play 060",P,0,DOME,Yale University
"18 10 HARVARD DEF vs YALE OFF, Play 061",R,7,FREEDOM,Yale University
"18 10 HARVARD DEF vs YALE OFF, Play 062",R,6,DOME,Yale University
"18 10 HARVARD DEF vs YALE OFF, Play 063",R,4,FREEDOM,Yale University
"18 10 HARVARD DEF vs YALE OFF, Play 064",P,10,BLADE,Yale University
"18 10 HARVARD DEF vs YALE OFF, Play 065",R,-6,DOME,Yale University
"18 10 HARVARD DEF vs YALE OFF, Play 066",P,0,SKY,Yale University
"18 10 HARVARD DEF vs YALE OFF, Play 067",P,14,SHADE,Yale University
"18 10 HARVARD DEF vs YALE OFF, Play 068",R,4,MONSTAH,Yale University
"18 10 HARVARD DEF vs YALE OFF, Play 069",R,0,MONSTAH,Yale University
"18 10 HARVARD DEF vs YALE OFF, Play 070",P,0,BUC,Yale University
"18 10 HARVARD DEF vs YALE OFF, Play 071",P,0,12,Yale University
"18 10 HARVARD DEF vs YALE OFF, Play 072",P,0,KNIFE,Yale University
"18 10 HARVARD DEF vs YALE OFF, Play 073",P,0,SKUNK,Yale University
"18 10 HARVARD DEF vs YALE OFF, Play 074",P,0,12,Yale University
"18 10 HARVARD DEF vs YALE OFF, Play 075",P,2,SKUNK,Yale University
"18 10 HARVARD DEF vs YALE OFF, Play 076",P,10,SHADE,Yale University
"18 10 HARVARD DEF vs YALE OFF, Play 077",P,17,SKUNK,Yale University
"18 10 HARVARD DEF vs YALE OFF, Play 078",P,0,MACHETE,Yale University
"HARVARD vs BROWN DEF, Play 001",R,15,FRIAR,Brown University
"HARVARD vs BROWN DEF, Play 002",R,12,HILL,Brown University
"HARVARD vs BROWN DEF, Play 003",P,0,HILL,Brown University
"HARVARD vs BROWN DEF, Play 004",P,8,VENOM,Brown University
"HARVARD vs BROWN DEF, Play 005",R,15,HILL,Brown University
"HARVARD vs BROWN DEF, Play 006",R,1,FRIAR,Brown University
"HARVARD vs BROWN DEF, Play 007",R,0,SPACE,Brown University
"HARVARD vs BROWN DEF, Play 008",P,12,SALUTE,Brown University
"HARVARD vs BROWN DEF, Play 009",R,2,FRIAR,Brown University
"HARVARD vs BROWN DEF, Play 010",R,0,VENOM,Brown University
"HARVARD vs BROWN DEF, Play 011",P,0,FRIAR,Brown University
"HARVARD vs BROWN DEF, Play 012",R,3,HILL,Brown University
"HARVARD vs BROWN DEF, Play 013",R,2,SPACE,Brown University
"HARVARD vs BROWN DEF, Play 014",P,0,FRIAR,Brown University
"HARVARD vs BROWN DEF, Play 015",P,0,SPACE,Brown University
"HARVARD vs BROWN DEF, Play 016",P,18,VENOM,Brown University
"HARVARD vs BROWN DEF, Play 017",P,0,HILL,Brown University
"HARVARD vs BROWN DEF, Play 018",P,-5,SPACE,Brown University
"HARVARD vs BROWN DEF, Play 019",P,0,SPROUT,Brown University
"HARVARD vs BROWN DEF, Play 020",R,5,HILL,Brown University
"HARVARD vs BROWN DEF, Play 021",R,3,SPACE,Brown University
"HARVARD vs BROWN DEF, Play 022",R,3,FRIAR,Brown University
"HARVARD vs BROWN DEF, Play 023",R,-2,HILL,Brown University
"HARVARD vs BROWN DEF, Play 024",R,8,SPACE,Brown University
"HARVARD vs BROWN DEF, Play 025",P,2,FRIAR,Brown University
"HARVARD vs BROWN DEF, Play 026",P,0,BLADE,Brown University
"HARVARD vs BROWN DEF, Play 027",R,2,FRIAR,Brown University
"HARVARD vs BROWN DEF, Play 028",R,2,HILL,Brown University
"HARVARD vs BROWN DEF, Play 029",P,0,SPACE,Brown University
"HARVARD vs BROWN DEF, Play 030",P,53,HILL,Brown University
"HARVARD vs BROWN DEF, Play 031",P,18,SPACE,Brown University
"HARVARD vs BROWN DEF, Play 032",R,2,CHARGER,Brown University
"HARVARD vs BROWN DEF, Play 033",R,-1,CHARGER,Brown University
"HARVARD vs BROWN DEF, Play 034",R,0,CHARGER,Brown University
"HARVARD vs BROWN DEF, Play 035",R,0,CHARGER,Brown University
"HARVARD vs BROWN DEF, Play 036",P,9,SPACE,Brown University
"HARVARD vs BROWN DEF, Play 037",R,1,HILL,Brown University
"HARVARD vs BROWN DEF, Play 038",P,8,FRIAR,Brown University
"HARVARD vs BROWN DEF, Play 039",P,0,VENOM,Brown University
"HARVARD vs BROWN DEF, Play 040",P,14,HILL,Brown University
"HARVARD vs BROWN DEF, Play 041",P,0,SALUTE,Brown University
"HARVARD vs BROWN DEF, Play 042",R,0,CHARGER,Brown University
"HARVARD vs BROWN DEF, Play 043",P,-1,CHARGER,Brown University
"HARVARD vs BROWN DEF, Play 044",R,4,CHARGER,Brown University
"HARVARD vs BROWN DEF, Play 045",P,-9,SPACE,Brown University
"HARVARD vs BROWN DEF, Play 046",P,10,SPACE,Brown University
"HARVARD vs BROWN DEF, Play 047",R,0,COKE,Brown University
"HARVARD vs BROWN DEF, Play 048",R,55,HILL,Brown University
"HARVARD vs BROWN DEF, Play 049",R,4,FRIAR,Brown University
"HARVARD vs BROWN DEF, Play 050",P,0,FRIAR,Brown University
"HARVARD vs BROWN DEF, Play 051",P,29,SALUTE,Brown University
"HARVARD vs BROWN DEF, Play 052",R,5,SPACE,Brown University
"HARVARD vs BROWN DEF, Play 053",P,0,FRIAR,Brown University
"HARVARD vs BROWN DEF, Play 054",R,-2,BLADE,Brown University
"HARVARD vs BROWN DEF, Play 055",P,0,COKE,Brown University
"HARVARD vs BROWN DEF, Play 056",P,0,BUC,Brown University
"HARVARD vs BROWN DEF, Play 057",P,0,12,Brown University
"HARVARD vs BROWN DEF, Play 058",R,3,SPROUT,Brown University
"HARVARD vs BROWN DEF, Play 059",R,2,SPROUT,Brown University
"HARVARD vs BROWN DEF, Play 060",P,10,12,Brown University
"HARVARD vs BROWN DEF, Play 061",P,0,SPROUT,Brown University
"HARVARD vs BROWN DEF, Play 062",P,4,12,Brown University
"HARVARD vs BROWN DEF, Play 063",R,7,12,Brown University
